<?xml version="1.0" encoding="UTF-8"?>
<imvert-imap:diagrams xmlns:imvert-imap="http://www.imvertor.org/schema/imagemap">
   <imvert-imap:diagram>
      <imvert-imap:name>Recherche</imvert-imap:name>
      <imvert-imap:id>EAID_F293B289_14D9_4252_A07A_0F5805EB7A86</imvert-imap:id>
      <imvert-imap:type>ClassDiagram</imvert-imap:type>
      <imvert-imap:in-package>EAPK_8991068F_399D_46ab_B5F4_B2955DB3FEEB</imvert-imap:in-package>
      <imvert-imap:documentation/>
      <imvert-imap:show-caption>false</imvert-imap:show-caption>
      <imvert-imap:map>
         <imvert-imap:for-id>EAID_8E622DA9_6369_4d29_BC5F_6E2DD9727D75</imvert-imap:for-id>
         <imvert-imap:loc type="imgL">780</imvert-imap:loc>
         <imvert-imap:loc type="imgT">295</imvert-imap:loc>
         <imvert-imap:loc type="imgR">935</imvert-imap:loc>
         <imvert-imap:loc type="imgB">397</imvert-imap:loc>
      </imvert-imap:map>
      <imvert-imap:map>
         <imvert-imap:for-id>EAID_9E3FB716_CADE_4753_80F1_656CE65D20BA</imvert-imap:for-id>
         <imvert-imap:loc type="imgL">289</imvert-imap:loc>
         <imvert-imap:loc type="imgT">288</imvert-imap:loc>
         <imvert-imap:loc type="imgR">406</imvert-imap:loc>
         <imvert-imap:loc type="imgB">380</imvert-imap:loc>
      </imvert-imap:map>
      <imvert-imap:map>
         <imvert-imap:for-id>EAID_7C24F6D0_57D9_4e02_9F79_A36D37F0D2F8</imvert-imap:for-id>
         <imvert-imap:loc type="imgL">588</imvert-imap:loc>
         <imvert-imap:loc type="imgT">300</imvert-imap:loc>
         <imvert-imap:loc type="imgR">678</imvert-imap:loc>
         <imvert-imap:loc type="imgB">370</imvert-imap:loc>
      </imvert-imap:map>
      <imvert-imap:map>
         <imvert-imap:for-id>EAID_BA7C6588_D76B_4c6e_BCF4_B3ABFDA0B84A</imvert-imap:for-id>
         <imvert-imap:loc type="imgL">1082</imvert-imap:loc>
         <imvert-imap:loc type="imgT">58</imvert-imap:loc>
         <imvert-imap:loc type="imgR">1405</imvert-imap:loc>
         <imvert-imap:loc type="imgB">142</imvert-imap:loc>
      </imvert-imap:map>
      <imvert-imap:map>
         <imvert-imap:for-id>EAID_CAA27791_43E7_4a01_9C1A_99713B5622C4</imvert-imap:for-id>
         <imvert-imap:loc type="imgL">25</imvert-imap:loc>
         <imvert-imap:loc type="imgT">35</imvert-imap:loc>
         <imvert-imap:loc type="imgR">260</imvert-imap:loc>
         <imvert-imap:loc type="imgB">169</imvert-imap:loc>
      </imvert-imap:map>
      <imvert-imap:map>
         <imvert-imap:for-id>EAID_FA7BD226_E929_4472_9051_3EE39AB6881F</imvert-imap:for-id>
         <imvert-imap:loc type="imgL">128</imvert-imap:loc>
         <imvert-imap:loc type="imgT">196</imvert-imap:loc>
         <imvert-imap:loc type="imgR">253</imvert-imap:loc>
         <imvert-imap:loc type="imgB">274</imvert-imap:loc>
      </imvert-imap:map>
      <imvert-imap:map>
         <imvert-imap:for-id>EAID_A5E11066_1736_42fd_8953_74089C7A05CC</imvert-imap:for-id>
         <imvert-imap:loc type="imgL">844</imvert-imap:loc>
         <imvert-imap:loc type="imgT">69</imvert-imap:loc>
         <imvert-imap:loc type="imgR">1002</imvert-imap:loc>
         <imvert-imap:loc type="imgB">184</imvert-imap:loc>
      </imvert-imap:map>
      <imvert-imap:map>
         <imvert-imap:for-id>EAID_52808546_EFB7_4fd0_96AD_768772F37F7B</imvert-imap:for-id>
         <imvert-imap:loc type="imgL">603</imvert-imap:loc>
         <imvert-imap:loc type="imgT">67</imvert-imap:loc>
         <imvert-imap:loc type="imgR">800</imvert-imap:loc>
         <imvert-imap:loc type="imgB">143</imvert-imap:loc>
      </imvert-imap:map>
      <imvert-imap:map>
         <imvert-imap:for-id>EAID_A49E96B3_CA94_4c28_A2A7_2B86C2A11499</imvert-imap:for-id>
      </imvert-imap:map>
      <imvert-imap:map>
         <imvert-imap:for-id>EAID_B792350D_6847_4ac6_A711_418F7D961445</imvert-imap:for-id>
      </imvert-imap:map>
      <imvert-imap:map>
         <imvert-imap:for-id>EAID_EDAF4150_7589_4d26_BB54_65A6A6B42D94</imvert-imap:for-id>
      </imvert-imap:map>
      <imvert-imap:map>
         <imvert-imap:for-id>EAID_CA5F198A_75F5_4e09_A3FC_5E8ECB96A5E4</imvert-imap:for-id>
      </imvert-imap:map>
      <imvert-imap:map>
         <imvert-imap:for-id>EAID_D4F4270A_E002_4ef1_852C_95FEE5A2BD7C</imvert-imap:for-id>
      </imvert-imap:map>
   </imvert-imap:diagram>
   <imvert-imap:diagram>
      <imvert-imap:name>Koop - overzicht</imvert-imap:name>
      <imvert-imap:id>EAID_516C7992_B16B_49ec_8DC5_CF31CB944D6F</imvert-imap:id>
      <imvert-imap:type>ClassDiagram</imvert-imap:type>
      <imvert-imap:in-package>EAPK_E8FCBF31_AE28_4e56_BE84_7AD7D570221E</imvert-imap:in-package>
      <imvert-imap:documentation/>
      <imvert-imap:purpose>CFG-IMG-OVERVIEW</imvert-imap:purpose>
      <imvert-imap:show-caption>true</imvert-imap:show-caption>
      <imvert-imap:map>
         <imvert-imap:for-id>EAID_98142D6D_EFDA_4ba3_B888_BE9A8C4E635B</imvert-imap:for-id>
         <imvert-imap:loc type="imgL">931</imvert-imap:loc>
         <imvert-imap:loc type="imgT">1015</imvert-imap:loc>
         <imvert-imap:loc type="imgR">1051</imvert-imap:loc>
         <imvert-imap:loc type="imgB">1095</imvert-imap:loc>
      </imvert-imap:map>
      <imvert-imap:map>
         <imvert-imap:for-id>EAID_BFB3117B_CCDB_4c32_AA8D_A4BD68D65A3B</imvert-imap:for-id>
         <imvert-imap:loc type="imgL">1401</imvert-imap:loc>
         <imvert-imap:loc type="imgT">816</imvert-imap:loc>
         <imvert-imap:loc type="imgR">1577</imvert-imap:loc>
         <imvert-imap:loc type="imgB">917</imvert-imap:loc>
      </imvert-imap:map>
      <imvert-imap:map>
         <imvert-imap:for-id>EAID_898A9CD9_A52B_407b_9419_591F4EF01637</imvert-imap:for-id>
         <imvert-imap:loc type="imgL">2561</imvert-imap:loc>
         <imvert-imap:loc type="imgT">750</imvert-imap:loc>
         <imvert-imap:loc type="imgR">2693</imvert-imap:loc>
         <imvert-imap:loc type="imgB">839</imvert-imap:loc>
      </imvert-imap:map>
      <imvert-imap:map>
         <imvert-imap:for-id>EAID_CA93E700_9D86_4995_AA67_BCBF87114EB0</imvert-imap:for-id>
         <imvert-imap:loc type="imgL">2401</imvert-imap:loc>
         <imvert-imap:loc type="imgT">750</imvert-imap:loc>
         <imvert-imap:loc type="imgR">2548</imvert-imap:loc>
         <imvert-imap:loc type="imgB">839</imvert-imap:loc>
      </imvert-imap:map>
      <imvert-imap:map>
         <imvert-imap:for-id>EAID_A8146DD7_6246_4b24_9BE8_38D10AD1F529</imvert-imap:for-id>
         <imvert-imap:loc type="imgL">2163</imvert-imap:loc>
         <imvert-imap:loc type="imgT">767</imvert-imap:loc>
         <imvert-imap:loc type="imgR">2354</imvert-imap:loc>
         <imvert-imap:loc type="imgB">843</imvert-imap:loc>
      </imvert-imap:map>
      <imvert-imap:map>
         <imvert-imap:for-id>EAID_DE56DBA5_AA7E_47b0_AFA3_3AB5BA2EB1E1</imvert-imap:for-id>
         <imvert-imap:loc type="imgL">1205</imvert-imap:loc>
         <imvert-imap:loc type="imgT">722</imvert-imap:loc>
         <imvert-imap:loc type="imgR">1378</imvert-imap:loc>
         <imvert-imap:loc type="imgB">801</imvert-imap:loc>
      </imvert-imap:map>
      <imvert-imap:map>
         <imvert-imap:for-id>EAID_30E5C3BF_C12F_4d90_8CA3_350F37499884</imvert-imap:for-id>
         <imvert-imap:loc type="imgL">1501</imvert-imap:loc>
         <imvert-imap:loc type="imgT">1136</imvert-imap:loc>
         <imvert-imap:loc type="imgR">1805</imvert-imap:loc>
         <imvert-imap:loc type="imgB">1311</imvert-imap:loc>
      </imvert-imap:map>
      <imvert-imap:map>
         <imvert-imap:for-id>EAID_80A94808_571F_401c_B5DD_D5C2842A7869</imvert-imap:for-id>
         <imvert-imap:loc type="imgL">2305</imvert-imap:loc>
         <imvert-imap:loc type="imgT">575</imvert-imap:loc>
         <imvert-imap:loc type="imgR">2437</imvert-imap:loc>
         <imvert-imap:loc type="imgB">647</imvert-imap:loc>
      </imvert-imap:map>
      <imvert-imap:map>
         <imvert-imap:for-id>EAID_F924BACE_C916_4753_ADBA_94D30426AA4B</imvert-imap:for-id>
         <imvert-imap:loc type="imgL">58</imvert-imap:loc>
         <imvert-imap:loc type="imgT">239</imvert-imap:loc>
         <imvert-imap:loc type="imgR">164</imvert-imap:loc>
         <imvert-imap:loc type="imgB">309</imvert-imap:loc>
      </imvert-imap:map>
      <imvert-imap:map>
         <imvert-imap:for-id>EAID_07735DCE_2E3A_4f3f_A739_4AE0F2BA5938</imvert-imap:for-id>
         <imvert-imap:loc type="imgL">138</imvert-imap:loc>
         <imvert-imap:loc type="imgT">362</imvert-imap:loc>
         <imvert-imap:loc type="imgR">253</imvert-imap:loc>
         <imvert-imap:loc type="imgB">422</imvert-imap:loc>
      </imvert-imap:map>
      <imvert-imap:map>
         <imvert-imap:for-id>EAID_A5E11066_1736_42fd_8953_74089C7A05CC</imvert-imap:for-id>
         <imvert-imap:loc type="imgL">1291</imvert-imap:loc>
         <imvert-imap:loc type="imgT">946</imvert-imap:loc>
         <imvert-imap:loc type="imgR">1449</imvert-imap:loc>
         <imvert-imap:loc type="imgB">1061</imvert-imap:loc>
      </imvert-imap:map>
      <imvert-imap:map>
         <imvert-imap:for-id>EAID_D2A78D35_1EBD_4286_A23E_D2C82C63ED96</imvert-imap:for-id>
         <imvert-imap:loc type="imgL">1378</imvert-imap:loc>
         <imvert-imap:loc type="imgT">294</imvert-imap:loc>
         <imvert-imap:loc type="imgR">1468</imvert-imap:loc>
         <imvert-imap:loc type="imgB">364</imvert-imap:loc>
      </imvert-imap:map>
      <imvert-imap:map>
         <imvert-imap:for-id>EAID_487DB418_86F9_41f6_9D98_572B1EB3703C</imvert-imap:for-id>
         <imvert-imap:loc type="imgL">1574</imvert-imap:loc>
         <imvert-imap:loc type="imgT">315</imvert-imap:loc>
         <imvert-imap:loc type="imgR">1707</imvert-imap:loc>
         <imvert-imap:loc type="imgB">391</imvert-imap:loc>
      </imvert-imap:map>
      <imvert-imap:map>
         <imvert-imap:for-id>EAID_249B94D8_8164_4ea3_B7BA_2F183B55DC6A</imvert-imap:for-id>
         <imvert-imap:loc type="imgL">1482</imvert-imap:loc>
         <imvert-imap:loc type="imgT">161</imvert-imap:loc>
         <imvert-imap:loc type="imgR">1572</imvert-imap:loc>
         <imvert-imap:loc type="imgB">231</imvert-imap:loc>
      </imvert-imap:map>
      <imvert-imap:map>
         <imvert-imap:for-id>EAID_8C7DAC8D_63A0_4104_A886_8CEA71A1187C</imvert-imap:for-id>
         <imvert-imap:loc type="imgL">1071</imvert-imap:loc>
         <imvert-imap:loc type="imgT">1106</imvert-imap:loc>
         <imvert-imap:loc type="imgR">1464</imvert-imap:loc>
         <imvert-imap:loc type="imgB">1293</imvert-imap:loc>
      </imvert-imap:map>
      <imvert-imap:map>
         <imvert-imap:for-id>EAID_1F1AAA64_7A94_4b50_A1D3_19A31AB894CA</imvert-imap:for-id>
         <imvert-imap:loc type="imgL">1303</imvert-imap:loc>
         <imvert-imap:loc type="imgT">141</imvert-imap:loc>
         <imvert-imap:loc type="imgR">1446</imvert-imap:loc>
         <imvert-imap:loc type="imgB">217</imvert-imap:loc>
      </imvert-imap:map>
      <imvert-imap:map>
         <imvert-imap:for-id>EAID_6760801F_2E8F_4523_BF6F_551DEBAFAD51</imvert-imap:for-id>
         <imvert-imap:loc type="imgL">2123</imvert-imap:loc>
         <imvert-imap:loc type="imgT">569</imvert-imap:loc>
         <imvert-imap:loc type="imgR">2238</imvert-imap:loc>
         <imvert-imap:loc type="imgB">624</imvert-imap:loc>
      </imvert-imap:map>
      <imvert-imap:map>
         <imvert-imap:for-id>EAID_456A2F11_8FE0_489c_B199_A4A056DA79D2</imvert-imap:for-id>
         <imvert-imap:loc type="imgL">1986</imvert-imap:loc>
         <imvert-imap:loc type="imgT">221</imvert-imap:loc>
         <imvert-imap:loc type="imgR">2101</imvert-imap:loc>
         <imvert-imap:loc type="imgB">370</imvert-imap:loc>
      </imvert-imap:map>
      <imvert-imap:map>
         <imvert-imap:for-id>EAID_99A562B2_6028_4745_8042_3AA1E05ECC3E</imvert-imap:for-id>
         <imvert-imap:loc type="imgL">1764</imvert-imap:loc>
         <imvert-imap:loc type="imgT">226</imvert-imap:loc>
         <imvert-imap:loc type="imgR">1938</imvert-imap:loc>
         <imvert-imap:loc type="imgB">332</imvert-imap:loc>
      </imvert-imap:map>
      <imvert-imap:map>
         <imvert-imap:for-id>EAID_16D39029_C62B_4efb_861F_E04E8794843F</imvert-imap:for-id>
         <imvert-imap:loc type="imgL">1162</imvert-imap:loc>
         <imvert-imap:loc type="imgT">35</imvert-imap:loc>
         <imvert-imap:loc type="imgR">1334</imvert-imap:loc>
         <imvert-imap:loc type="imgB">111</imvert-imap:loc>
      </imvert-imap:map>
      <imvert-imap:map>
         <imvert-imap:for-id>EAID_EB110115_556B_42f2_AAAF_2A10FFBD14C7</imvert-imap:for-id>
         <imvert-imap:loc type="imgL">787</imvert-imap:loc>
         <imvert-imap:loc type="imgT">713</imvert-imap:loc>
         <imvert-imap:loc type="imgR">877</imvert-imap:loc>
         <imvert-imap:loc type="imgB">783</imvert-imap:loc>
      </imvert-imap:map>
      <imvert-imap:map>
         <imvert-imap:for-id>EAID_68D49EA8_DF47_4a9d_AE5F_76ED9E64BF95</imvert-imap:for-id>
         <imvert-imap:loc type="imgL">713</imvert-imap:loc>
         <imvert-imap:loc type="imgT">162</imvert-imap:loc>
         <imvert-imap:loc type="imgR">947</imvert-imap:loc>
         <imvert-imap:loc type="imgB">337</imvert-imap:loc>
      </imvert-imap:map>
      <imvert-imap:map>
         <imvert-imap:for-id>EAID_70E5C60A_6438_4f80_B45F_386C8C31B41F</imvert-imap:for-id>
         <imvert-imap:loc type="imgL">466</imvert-imap:loc>
         <imvert-imap:loc type="imgT">240</imvert-imap:loc>
         <imvert-imap:loc type="imgR">629</imvert-imap:loc>
         <imvert-imap:loc type="imgB">310</imvert-imap:loc>
      </imvert-imap:map>
      <imvert-imap:map>
         <imvert-imap:for-id>EAID_AEEF8312_D021_4aac_B90B_EEF214E9A260</imvert-imap:for-id>
         <imvert-imap:loc type="imgL">694</imvert-imap:loc>
         <imvert-imap:loc type="imgT">564</imvert-imap:loc>
         <imvert-imap:loc type="imgR">784</imvert-imap:loc>
         <imvert-imap:loc type="imgB">634</imvert-imap:loc>
      </imvert-imap:map>
      <imvert-imap:map>
         <imvert-imap:for-id>EAID_CAA27791_43E7_4a01_9C1A_99713B5622C4</imvert-imap:for-id>
         <imvert-imap:loc type="imgL">713</imvert-imap:loc>
         <imvert-imap:loc type="imgT">351</imvert-imap:loc>
         <imvert-imap:loc type="imgR">948</imvert-imap:loc>
         <imvert-imap:loc type="imgB">485</imvert-imap:loc>
      </imvert-imap:map>
      <imvert-imap:map>
         <imvert-imap:for-id>EAID_7C1A1376_9E0E_4ac0_B456_D191F63F64F8</imvert-imap:for-id>
         <imvert-imap:loc type="imgL">905</imvert-imap:loc>
         <imvert-imap:loc type="imgT">564</imvert-imap:loc>
         <imvert-imap:loc type="imgR">995</imvert-imap:loc>
         <imvert-imap:loc type="imgB">634</imvert-imap:loc>
      </imvert-imap:map>
      <imvert-imap:map>
         <imvert-imap:for-id>EAID_52808546_EFB7_4fd0_96AD_768772F37F7B</imvert-imap:for-id>
         <imvert-imap:loc type="imgL">1076</imvert-imap:loc>
         <imvert-imap:loc type="imgT">877</imvert-imap:loc>
         <imvert-imap:loc type="imgR">1281</imvert-imap:loc>
         <imvert-imap:loc type="imgB">996</imvert-imap:loc>
      </imvert-imap:map>
      <imvert-imap:map>
         <imvert-imap:for-id>EAID_968031B5_6406_4dd2_982C_6FF34B15F68B</imvert-imap:for-id>
         <imvert-imap:loc type="imgL">1081</imvert-imap:loc>
         <imvert-imap:loc type="imgT">1046</imvert-imap:loc>
         <imvert-imap:loc type="imgR">1171</imvert-imap:loc>
         <imvert-imap:loc type="imgB">1087</imvert-imap:loc>
      </imvert-imap:map>
      <imvert-imap:map>
         <imvert-imap:for-id>EAID_6BAB90D1_A075_4d60_BBAA_E43C2647E8C8</imvert-imap:for-id>
         <imvert-imap:loc type="imgL">1639</imvert-imap:loc>
         <imvert-imap:loc type="imgT">762</imvert-imap:loc>
         <imvert-imap:loc type="imgR">1806</imvert-imap:loc>
         <imvert-imap:loc type="imgB">868</imvert-imap:loc>
      </imvert-imap:map>
      <imvert-imap:map>
         <imvert-imap:for-id>EAID_50AF4BAA_7DE9_401b_8832_07C37078D326</imvert-imap:for-id>
         <imvert-imap:loc type="imgL">1856</imvert-imap:loc>
         <imvert-imap:loc type="imgT">762</imvert-imap:loc>
         <imvert-imap:loc type="imgR">2124</imvert-imap:loc>
         <imvert-imap:loc type="imgB">1036</imvert-imap:loc>
      </imvert-imap:map>
      <imvert-imap:map>
         <imvert-imap:for-id>EAID_7ECCC940_3E6A_4d8a_A51E_0A74641494F5</imvert-imap:for-id>
         <imvert-imap:loc type="imgL">1853</imvert-imap:loc>
         <imvert-imap:loc type="imgT">563</imvert-imap:loc>
         <imvert-imap:loc type="imgR">2075</imvert-imap:loc>
         <imvert-imap:loc type="imgB">669</imvert-imap:loc>
      </imvert-imap:map>
      <imvert-imap:map>
         <imvert-imap:for-id>EAID_37E0C481_30A7_49d6_80FD_6179F396ADD4</imvert-imap:for-id>
         <imvert-imap:loc type="imgL">1632</imvert-imap:loc>
         <imvert-imap:loc type="imgT">561</imvert-imap:loc>
         <imvert-imap:loc type="imgR">1807</imvert-imap:loc>
         <imvert-imap:loc type="imgB">663</imvert-imap:loc>
      </imvert-imap:map>
      <imvert-imap:map>
         <imvert-imap:for-id>EAID_FA7BD226_E929_4472_9051_3EE39AB6881F</imvert-imap:for-id>
         <imvert-imap:loc type="imgL">1791</imvert-imap:loc>
         <imvert-imap:loc type="imgT">411</imvert-imap:loc>
         <imvert-imap:loc type="imgR">1916</imvert-imap:loc>
         <imvert-imap:loc type="imgB">489</imvert-imap:loc>
      </imvert-imap:map>
      <imvert-imap:map>
         <imvert-imap:for-id>EAID_24CD2AC3_7D09_4e81_B867_2E4E32C902D1</imvert-imap:for-id>
         <imvert-imap:loc type="imgL">1386</imvert-imap:loc>
         <imvert-imap:loc type="imgT">411</imvert-imap:loc>
         <imvert-imap:loc type="imgR">1476</imvert-imap:loc>
         <imvert-imap:loc type="imgB">481</imvert-imap:loc>
      </imvert-imap:map>
      <imvert-imap:map>
         <imvert-imap:for-id>EAID_9E3FB716_CADE_4753_80F1_656CE65D20BA</imvert-imap:for-id>
         <imvert-imap:loc type="imgL">1499</imvert-imap:loc>
         <imvert-imap:loc type="imgT">627</imvert-imap:loc>
         <imvert-imap:loc type="imgR">1616</imvert-imap:loc>
         <imvert-imap:loc type="imgB">703</imvert-imap:loc>
      </imvert-imap:map>
      <imvert-imap:map>
         <imvert-imap:for-id>EAID_3DD634A7_BBA1_4708_94BB_F58CACCA1555</imvert-imap:for-id>
         <imvert-imap:loc type="imgL">1240</imvert-imap:loc>
         <imvert-imap:loc type="imgT">627</imvert-imap:loc>
         <imvert-imap:loc type="imgR">1330</imvert-imap:loc>
         <imvert-imap:loc type="imgB">697</imvert-imap:loc>
      </imvert-imap:map>
      <imvert-imap:map>
         <imvert-imap:for-id>EAID_02C68C94_6B70_442a_B9A9_7AD326EE84F8</imvert-imap:for-id>
         <imvert-imap:loc type="imgL">293</imvert-imap:loc>
         <imvert-imap:loc type="imgT">239</imvert-imap:loc>
         <imvert-imap:loc type="imgR">432</imvert-imap:loc>
         <imvert-imap:loc type="imgB">315</imvert-imap:loc>
      </imvert-imap:map>
      <imvert-imap:map>
         <imvert-imap:for-id>EAID_9FB8E66F_178A_4a4c_B311_A50CDC7EA840</imvert-imap:for-id>
         <imvert-imap:loc type="imgL">317</imvert-imap:loc>
         <imvert-imap:loc type="imgT">360</imvert-imap:loc>
         <imvert-imap:loc type="imgR">407</imvert-imap:loc>
         <imvert-imap:loc type="imgB">430</imvert-imap:loc>
      </imvert-imap:map>
      <imvert-imap:map>
         <imvert-imap:for-id>EAID_F7E23CB2_4C3F_4975_AC49_AA4C968D26F2</imvert-imap:for-id>
         <imvert-imap:loc type="imgL">436</imvert-imap:loc>
         <imvert-imap:loc type="imgT">507</imvert-imap:loc>
         <imvert-imap:loc type="imgR">526</imvert-imap:loc>
         <imvert-imap:loc type="imgB">577</imvert-imap:loc>
      </imvert-imap:map>
      <imvert-imap:map>
         <imvert-imap:for-id>EAID_6F882AC5_1FFB_4225_972F_FB164433ECF1</imvert-imap:for-id>
         <imvert-imap:loc type="imgL">315</imvert-imap:loc>
         <imvert-imap:loc type="imgT">507</imvert-imap:loc>
         <imvert-imap:loc type="imgR">405</imvert-imap:loc>
         <imvert-imap:loc type="imgB">577</imvert-imap:loc>
      </imvert-imap:map>
      <imvert-imap:map>
         <imvert-imap:for-id>EAID_D04FD057_BF08_4bb7_8752_128E58F8AD99</imvert-imap:for-id>
         <imvert-imap:loc type="imgL">196</imvert-imap:loc>
         <imvert-imap:loc type="imgT">507</imvert-imap:loc>
         <imvert-imap:loc type="imgR">286</imvert-imap:loc>
         <imvert-imap:loc type="imgB">577</imvert-imap:loc>
      </imvert-imap:map>
      <imvert-imap:map>
         <imvert-imap:for-id>EAID_2543A689_C42B_4b86_BF86_C09AF5A65740</imvert-imap:for-id>
         <imvert-imap:loc type="imgL">790</imvert-imap:loc>
         <imvert-imap:loc type="imgT">859</imvert-imap:loc>
         <imvert-imap:loc type="imgR">1034</imvert-imap:loc>
         <imvert-imap:loc type="imgB">979</imvert-imap:loc>
      </imvert-imap:map>
      <imvert-imap:map>
         <imvert-imap:for-id>EAID_6979DE6B_D410_494c_BBA6_0C316ED45AF7</imvert-imap:for-id>
         <imvert-imap:loc type="imgL">914</imvert-imap:loc>
         <imvert-imap:loc type="imgT">710</imvert-imap:loc>
         <imvert-imap:loc type="imgR">1132</imvert-imap:loc>
         <imvert-imap:loc type="imgB">829</imvert-imap:loc>
      </imvert-imap:map>
      <imvert-imap:map>
         <imvert-imap:for-id>EAID_8E18D907_1F75_40b5_A79C_46D4F53AB071</imvert-imap:for-id>
         <imvert-imap:loc type="imgL">1191</imvert-imap:loc>
         <imvert-imap:loc type="imgT">344</imvert-imap:loc>
         <imvert-imap:loc type="imgR">1345</imvert-imap:loc>
         <imvert-imap:loc type="imgB">446</imvert-imap:loc>
      </imvert-imap:map>
      <imvert-imap:map>
         <imvert-imap:for-id>EAID_AC34A068_C593_48e5_AB8F_71B6C0EAFD42</imvert-imap:for-id>
         <imvert-imap:loc type="imgL">25</imvert-imap:loc>
         <imvert-imap:loc type="imgT">742</imvert-imap:loc>
         <imvert-imap:loc type="imgR">716</imvert-imap:loc>
         <imvert-imap:loc type="imgB">1153</imvert-imap:loc>
      </imvert-imap:map>
      <imvert-imap:map>
         <imvert-imap:for-id>EAID_50042DEB_401E_47cc_AFC1_BD36E09862EA</imvert-imap:for-id>
      </imvert-imap:map>
      <imvert-imap:map>
         <imvert-imap:for-id>EAID_87CFF4D1_E061_41b8_81B5_8589BE036512</imvert-imap:for-id>
      </imvert-imap:map>
      <imvert-imap:map>
         <imvert-imap:for-id>EAID_DAC5EAB7_4A24_46bb_8A55_0CC7C0EF623E</imvert-imap:for-id>
      </imvert-imap:map>
      <imvert-imap:map>
         <imvert-imap:for-id>EAID_156387A4_8175_4151_87BB_9E699B6CE82B</imvert-imap:for-id>
      </imvert-imap:map>
      <imvert-imap:map>
         <imvert-imap:for-id>EAID_F6809FB1_BD56_4405_A3B6_4C893C211C3F</imvert-imap:for-id>
      </imvert-imap:map>
      <imvert-imap:map>
         <imvert-imap:for-id>EAID_95A369F3_8302_4aa5_A1B9_6D64FF24B295</imvert-imap:for-id>
      </imvert-imap:map>
      <imvert-imap:map>
         <imvert-imap:for-id>EAID_421EE75B_6584_4472_89DD_B1324D35D956</imvert-imap:for-id>
      </imvert-imap:map>
      <imvert-imap:map>
         <imvert-imap:for-id>EAID_D38008AD_F03F_48d2_AE27_6CB20DAF0004</imvert-imap:for-id>
      </imvert-imap:map>
      <imvert-imap:map>
         <imvert-imap:for-id>EAID_2092E551_33C8_476d_B554_4BE05A17877B</imvert-imap:for-id>
      </imvert-imap:map>
      <imvert-imap:map>
         <imvert-imap:for-id>EAID_BE45F1BA_4077_4298_BABD_F4A15959008C</imvert-imap:for-id>
      </imvert-imap:map>
      <imvert-imap:map>
         <imvert-imap:for-id>EAID_F2742983_ECBB_49cb_9865_74DA523FFBB7</imvert-imap:for-id>
      </imvert-imap:map>
      <imvert-imap:map>
         <imvert-imap:for-id>EAID_08D62AC5_21B4_4e21_9DA0_27DBEB405BA1</imvert-imap:for-id>
      </imvert-imap:map>
      <imvert-imap:map>
         <imvert-imap:for-id>EAID_90733022_3014_4b6e_8AAB_6351F8C8D9DE</imvert-imap:for-id>
      </imvert-imap:map>
      <imvert-imap:map>
         <imvert-imap:for-id>EAID_CA6A503C_2E37_4ff8_980C_FCDE24314CEE</imvert-imap:for-id>
      </imvert-imap:map>
      <imvert-imap:map>
         <imvert-imap:for-id>EAID_138412D6_22AD_4642_87F1_DED091E9B008</imvert-imap:for-id>
      </imvert-imap:map>
      <imvert-imap:map>
         <imvert-imap:for-id>EAID_E00DAAF7_2E00_45cb_AA90_5B569A4BD4AE</imvert-imap:for-id>
      </imvert-imap:map>
      <imvert-imap:map>
         <imvert-imap:for-id>EAID_3171886D_4D05_43ff_810C_0FDDE12DCC8C</imvert-imap:for-id>
      </imvert-imap:map>
      <imvert-imap:map>
         <imvert-imap:for-id>EAID_CA5F198A_75F5_4e09_A3FC_5E8ECB96A5E4</imvert-imap:for-id>
      </imvert-imap:map>
      <imvert-imap:map>
         <imvert-imap:for-id>EAID_63B4685C_A882_45e1_A29B_DBA501411CCD</imvert-imap:for-id>
      </imvert-imap:map>
      <imvert-imap:map>
         <imvert-imap:for-id>EAID_D4F4270A_E002_4ef1_852C_95FEE5A2BD7C</imvert-imap:for-id>
      </imvert-imap:map>
      <imvert-imap:map>
         <imvert-imap:for-id>EAID_F6072CD9_EA91_4d72_8594_A02304752067</imvert-imap:for-id>
      </imvert-imap:map>
      <imvert-imap:map>
         <imvert-imap:for-id>EAID_5F1029E8_4EF2_44b2_9488_B74BAEF3D699</imvert-imap:for-id>
      </imvert-imap:map>
      <imvert-imap:map>
         <imvert-imap:for-id>EAID_36DCCB81_D96D_49b3_8B6D_320CF28B790C</imvert-imap:for-id>
      </imvert-imap:map>
      <imvert-imap:map>
         <imvert-imap:for-id>EAID_7E692300_2FFF_4671_B43A_642C2D91BCA3</imvert-imap:for-id>
      </imvert-imap:map>
      <imvert-imap:map>
         <imvert-imap:for-id>EAID_764DFF77_74C8_4d48_874F_69165E5B5157</imvert-imap:for-id>
      </imvert-imap:map>
      <imvert-imap:map>
         <imvert-imap:for-id>EAID_1A23B47A_7C59_4032_B501_0A06B6BE8362</imvert-imap:for-id>
      </imvert-imap:map>
      <imvert-imap:map>
         <imvert-imap:for-id>EAID_4310705B_9203_4461_B2A9_612095591E16</imvert-imap:for-id>
      </imvert-imap:map>
      <imvert-imap:map>
         <imvert-imap:for-id>EAID_1E193C12_66E2_4a46_B0CA_C55174D4AEB5</imvert-imap:for-id>
      </imvert-imap:map>
      <imvert-imap:map>
         <imvert-imap:for-id>EAID_CDC88E90_B234_4a96_A70C_F67681D8AE12</imvert-imap:for-id>
      </imvert-imap:map>
      <imvert-imap:map>
         <imvert-imap:for-id>EAID_A03A6D89_3739_4ea3_AC6A_A9CA8002A901</imvert-imap:for-id>
      </imvert-imap:map>
      <imvert-imap:map>
         <imvert-imap:for-id>EAID_F5522265_E5DF_4647_B167_9E6CB205150E</imvert-imap:for-id>
      </imvert-imap:map>
      <imvert-imap:map>
         <imvert-imap:for-id>EAID_39FD54FA_A062_48b7_9870_8A77BF9B806F</imvert-imap:for-id>
      </imvert-imap:map>
      <imvert-imap:map>
         <imvert-imap:for-id>EAID_6E838751_6C8C_475f_9E9F_DECABBF8194E</imvert-imap:for-id>
      </imvert-imap:map>
      <imvert-imap:map>
         <imvert-imap:for-id>EAID_42416224_70E0_4de3_927A_EB76BB69BC13</imvert-imap:for-id>
      </imvert-imap:map>
      <imvert-imap:map>
         <imvert-imap:for-id>EAID_06E44859_0694_43d9_8092_349D4ED96408</imvert-imap:for-id>
      </imvert-imap:map>
      <imvert-imap:map>
         <imvert-imap:for-id>EAID_F5FD2E21_89F2_4fef_A828_DF37242CE7F0</imvert-imap:for-id>
      </imvert-imap:map>
      <imvert-imap:map>
         <imvert-imap:for-id>EAID_E71C598B_B507_4dcd_B4D6_DD39AE84F20E</imvert-imap:for-id>
      </imvert-imap:map>
      <imvert-imap:map>
         <imvert-imap:for-id>EAID_19B8FC9D_3B01_402d_ACB1_46A770A421EF</imvert-imap:for-id>
      </imvert-imap:map>
      <imvert-imap:map>
         <imvert-imap:for-id>EAID_F409188E_4DD3_4eff_AFF4_B7225BE9F496</imvert-imap:for-id>
      </imvert-imap:map>
      <imvert-imap:map>
         <imvert-imap:for-id>EAID_44503B77_9299_43aa_9431_6759E72ADFE9</imvert-imap:for-id>
      </imvert-imap:map>
      <imvert-imap:map>
         <imvert-imap:for-id>EAID_6BE16794_21C6_4495_83AB_82BA8FB74C56</imvert-imap:for-id>
      </imvert-imap:map>
      <imvert-imap:map>
         <imvert-imap:for-id>EAID_774C8699_7EC8_4c48_AA15_F0A07511B637</imvert-imap:for-id>
      </imvert-imap:map>
      <imvert-imap:map>
         <imvert-imap:for-id>EAID_66C2477F_3330_42a9_8F5F_6252D0FD47D3</imvert-imap:for-id>
      </imvert-imap:map>
      <imvert-imap:map>
         <imvert-imap:for-id>EAID_FC261419_B0B5_4e78_BD5B_E60305AC8969</imvert-imap:for-id>
      </imvert-imap:map>
      <imvert-imap:map>
         <imvert-imap:for-id>EAID_8710575F_F18C_456c_A6B1_4666A7D866BB</imvert-imap:for-id>
      </imvert-imap:map>
      <imvert-imap:map>
         <imvert-imap:for-id>EAID_7BDC2305_37FE_4a5a_B8FF_0BA4C018E103</imvert-imap:for-id>
      </imvert-imap:map>
      <imvert-imap:map>
         <imvert-imap:for-id>EAID_FB53815E_F414_4032_B476_A5871C2B58D7</imvert-imap:for-id>
      </imvert-imap:map>
      <imvert-imap:map>
         <imvert-imap:for-id>EAID_D4A3395B_19C2_437a_BB83_65FC19800358</imvert-imap:for-id>
      </imvert-imap:map>
   </imvert-imap:diagram>
   <imvert-imap:diagram>
      <imvert-imap:name>Overview KadastraalObject - overzicht</imvert-imap:name>
      <imvert-imap:id>EAID_DB18419E_44FB_4266_8255_AFDDFBF5A33E</imvert-imap:id>
      <imvert-imap:type>ClassDiagram</imvert-imap:type>
      <imvert-imap:in-package>EAPK_71D447D8_B7C6_4b63_8905_CC9FDFFA1E26</imvert-imap:in-package>
      <imvert-imap:documentation/>
      <imvert-imap:purpose>CFG-IMG-OVERVIEW</imvert-imap:purpose>
      <imvert-imap:show-caption>true</imvert-imap:show-caption>
      <imvert-imap:map>
         <imvert-imap:for-id>EAID_D3C3E6C9_F835_4a30_B922_6B4E20222846</imvert-imap:for-id>
         <imvert-imap:loc type="imgL">386</imvert-imap:loc>
         <imvert-imap:loc type="imgT">265</imvert-imap:loc>
         <imvert-imap:loc type="imgR">577</imvert-imap:loc>
         <imvert-imap:loc type="imgB">343</imvert-imap:loc>
      </imvert-imap:map>
      <imvert-imap:map>
         <imvert-imap:for-id>EAID_F924BACE_C916_4753_ADBA_94D30426AA4B</imvert-imap:for-id>
         <imvert-imap:loc type="imgL">946</imvert-imap:loc>
         <imvert-imap:loc type="imgT">602</imvert-imap:loc>
         <imvert-imap:loc type="imgR">1080</imvert-imap:loc>
         <imvert-imap:loc type="imgB">672</imvert-imap:loc>
      </imvert-imap:map>
      <imvert-imap:map>
         <imvert-imap:for-id>EAID_07735DCE_2E3A_4f3f_A739_4AE0F2BA5938</imvert-imap:for-id>
         <imvert-imap:loc type="imgL">730</imvert-imap:loc>
         <imvert-imap:loc type="imgT">602</imvert-imap:loc>
         <imvert-imap:loc type="imgR">889</imvert-imap:loc>
         <imvert-imap:loc type="imgB">701</imvert-imap:loc>
      </imvert-imap:map>
      <imvert-imap:map>
         <imvert-imap:for-id>EAID_81D32388_8612_475a_9378_74DC364F0E58</imvert-imap:for-id>
         <imvert-imap:loc type="imgL">603</imvert-imap:loc>
         <imvert-imap:loc type="imgT">265</imvert-imap:loc>
         <imvert-imap:loc type="imgR">794</imvert-imap:loc>
         <imvert-imap:loc type="imgB">343</imvert-imap:loc>
      </imvert-imap:map>
      <imvert-imap:map>
         <imvert-imap:for-id>EAID_9FB8E66F_178A_4a4c_B311_A50CDC7EA840</imvert-imap:for-id>
         <imvert-imap:loc type="imgL">127</imvert-imap:loc>
         <imvert-imap:loc type="imgT">599</imvert-imap:loc>
         <imvert-imap:loc type="imgR">388</imvert-imap:loc>
         <imvert-imap:loc type="imgB">679</imvert-imap:loc>
      </imvert-imap:map>
      <imvert-imap:map>
         <imvert-imap:for-id>EAID_02C68C94_6B70_442a_B9A9_7AD326EE84F8</imvert-imap:for-id>
         <imvert-imap:loc type="imgL">376</imvert-imap:loc>
         <imvert-imap:loc type="imgT">416</imvert-imap:loc>
         <imvert-imap:loc type="imgR">1013</imvert-imap:loc>
         <imvert-imap:loc type="imgB">493</imvert-imap:loc>
      </imvert-imap:map>
      <imvert-imap:map>
         <imvert-imap:for-id>EAID_95A369F3_8302_4aa5_A1B9_6D64FF24B295</imvert-imap:for-id>
      </imvert-imap:map>
      <imvert-imap:map>
         <imvert-imap:for-id>EAID_0E744701_7C6C_4dff_819A_A51411F747C6</imvert-imap:for-id>
      </imvert-imap:map>
      <imvert-imap:map>
         <imvert-imap:for-id>EAID_1B2174DE_4346_402d_B8FB_266684CE60BE</imvert-imap:for-id>
      </imvert-imap:map>
      <imvert-imap:map>
         <imvert-imap:for-id>EAID_774C8699_7EC8_4c48_AA15_F0A07511B637</imvert-imap:for-id>
      </imvert-imap:map>
      <imvert-imap:map>
         <imvert-imap:for-id>EAID_66C2477F_3330_42a9_8F5F_6252D0FD47D3</imvert-imap:for-id>
      </imvert-imap:map>
      <imvert-imap:map>
         <imvert-imap:for-id>EAID_CEAAD3E2_DC0F_4ce3_89D9_00E409B3303A</imvert-imap:for-id>
      </imvert-imap:map>
   </imvert-imap:diagram>
   <imvert-imap:diagram>
      <imvert-imap:name>Overview Onroerende Zaken - overzicht</imvert-imap:name>
      <imvert-imap:id>EAID_2A782EA2_B3BD_439b_9883_7465DC535673</imvert-imap:id>
      <imvert-imap:type>ClassDiagram</imvert-imap:type>
      <imvert-imap:in-package>EAPK_F4C4C750_8245_4551_8F8D_1F44F8D8C893</imvert-imap:in-package>
      <imvert-imap:documentation/>
      <imvert-imap:purpose>CFG-IMG-OVERVIEW</imvert-imap:purpose>
      <imvert-imap:show-caption>true</imvert-imap:show-caption>
      <imvert-imap:map>
         <imvert-imap:for-id>EAID_12300BFC_BAFC_42f7_B86D_592D9317C35D</imvert-imap:for-id>
         <imvert-imap:loc type="imgL">591</imvert-imap:loc>
         <imvert-imap:loc type="imgT">846</imvert-imap:loc>
         <imvert-imap:loc type="imgR">774</imvert-imap:loc>
         <imvert-imap:loc type="imgB">978</imvert-imap:loc>
      </imvert-imap:map>
      <imvert-imap:map>
         <imvert-imap:for-id>EAID_4527EEC1_4A09_4446_87D8_A1253AB65DD6</imvert-imap:for-id>
         <imvert-imap:loc type="imgL">589</imvert-imap:loc>
         <imvert-imap:loc type="imgT">1014</imvert-imap:loc>
         <imvert-imap:loc type="imgR">835</imvert-imap:loc>
         <imvert-imap:loc type="imgB">1144</imvert-imap:loc>
      </imvert-imap:map>
      <imvert-imap:map>
         <imvert-imap:for-id>EAID_AE489F79_919B_4daf_BC8E_A5F56765A975</imvert-imap:for-id>
         <imvert-imap:loc type="imgL">862</imvert-imap:loc>
         <imvert-imap:loc type="imgT">1013</imvert-imap:loc>
         <imvert-imap:loc type="imgR">1091</imvert-imap:loc>
         <imvert-imap:loc type="imgB">1138</imvert-imap:loc>
      </imvert-imap:map>
      <imvert-imap:map>
         <imvert-imap:for-id>EAID_BCDE7C65_FA95_4428_82D4_6F2857D46259</imvert-imap:for-id>
         <imvert-imap:loc type="imgL">792</imvert-imap:loc>
         <imvert-imap:loc type="imgT">845</imvert-imap:loc>
         <imvert-imap:loc type="imgR">1003</imvert-imap:loc>
         <imvert-imap:loc type="imgB">963</imvert-imap:loc>
      </imvert-imap:map>
      <imvert-imap:map>
         <imvert-imap:for-id>EAID_3986F90B_AA05_42ae_9B58_D2860A797039</imvert-imap:for-id>
         <imvert-imap:loc type="imgL">1105</imvert-imap:loc>
         <imvert-imap:loc type="imgT">1010</imvert-imap:loc>
         <imvert-imap:loc type="imgR">1483</imvert-imap:loc>
         <imvert-imap:loc type="imgB">1142</imvert-imap:loc>
      </imvert-imap:map>
      <imvert-imap:map>
         <imvert-imap:for-id>EAID_9FB8E66F_178A_4a4c_B311_A50CDC7EA840</imvert-imap:for-id>
         <imvert-imap:loc type="imgL">367</imvert-imap:loc>
         <imvert-imap:loc type="imgT">277</imvert-imap:loc>
         <imvert-imap:loc type="imgR">979</imvert-imap:loc>
         <imvert-imap:loc type="imgB">555</imvert-imap:loc>
      </imvert-imap:map>
      <imvert-imap:map>
         <imvert-imap:for-id>EAID_F7E23CB2_4C3F_4975_AC49_AA4C968D26F2</imvert-imap:for-id>
         <imvert-imap:loc type="imgL">868</imvert-imap:loc>
         <imvert-imap:loc type="imgT">645</imvert-imap:loc>
         <imvert-imap:loc type="imgR">1044</imvert-imap:loc>
         <imvert-imap:loc type="imgB">808</imvert-imap:loc>
      </imvert-imap:map>
      <imvert-imap:map>
         <imvert-imap:for-id>EAID_6F882AC5_1FFB_4225_972F_FB164433ECF1</imvert-imap:for-id>
         <imvert-imap:loc type="imgL">590</imvert-imap:loc>
         <imvert-imap:loc type="imgT">645</imvert-imap:loc>
         <imvert-imap:loc type="imgR">851</imvert-imap:loc>
         <imvert-imap:loc type="imgB">810</imvert-imap:loc>
      </imvert-imap:map>
      <imvert-imap:map>
         <imvert-imap:for-id>EAID_D04FD057_BF08_4bb7_8752_128E58F8AD99</imvert-imap:for-id>
         <imvert-imap:loc type="imgL">155</imvert-imap:loc>
         <imvert-imap:loc type="imgT">645</imvert-imap:loc>
         <imvert-imap:loc type="imgR">556</imvert-imap:loc>
         <imvert-imap:loc type="imgB">812</imvert-imap:loc>
      </imvert-imap:map>
      <imvert-imap:map>
         <imvert-imap:for-id>EAID_02C68C94_6B70_442a_B9A9_7AD326EE84F8</imvert-imap:for-id>
         <imvert-imap:loc type="imgL">440</imvert-imap:loc>
         <imvert-imap:loc type="imgT">116</imvert-imap:loc>
         <imvert-imap:loc type="imgR">658</imvert-imap:loc>
         <imvert-imap:loc type="imgB">193</imvert-imap:loc>
      </imvert-imap:map>
      <imvert-imap:map>
         <imvert-imap:for-id>EAID_8D7893BA_EDB9_4d11_B484_F2D89A9C2D6B</imvert-imap:for-id>
         <imvert-imap:loc type="imgL">260</imvert-imap:loc>
         <imvert-imap:loc type="imgT">898</imvert-imap:loc>
         <imvert-imap:loc type="imgR">480</imvert-imap:loc>
         <imvert-imap:loc type="imgB">1033</imvert-imap:loc>
      </imvert-imap:map>
      <imvert-imap:map>
         <imvert-imap:for-id>EAID_BE5ADAB2_DC50_4d60_9E72_F2CBA8E73C9F</imvert-imap:for-id>
      </imvert-imap:map>
      <imvert-imap:map>
         <imvert-imap:for-id>EAID_C1372246_559A_47bc_B965_95053BFEA783</imvert-imap:for-id>
      </imvert-imap:map>
      <imvert-imap:map>
         <imvert-imap:for-id>EAID_06E44859_0694_43d9_8092_349D4ED96408</imvert-imap:for-id>
      </imvert-imap:map>
      <imvert-imap:map>
         <imvert-imap:for-id>EAID_DAC5EAB7_4A24_46bb_8A55_0CC7C0EF623E</imvert-imap:for-id>
      </imvert-imap:map>
      <imvert-imap:map>
         <imvert-imap:for-id>EAID_156387A4_8175_4151_87BB_9E699B6CE82B</imvert-imap:for-id>
      </imvert-imap:map>
      <imvert-imap:map>
         <imvert-imap:for-id>EAID_95A369F3_8302_4aa5_A1B9_6D64FF24B295</imvert-imap:for-id>
      </imvert-imap:map>
   </imvert-imap:diagram>
   <imvert-imap:diagram>
      <imvert-imap:name>Datatypen OnroerendeZaak</imvert-imap:name>
      <imvert-imap:id>EAID_7E03727C_FEE3_4d9b_B4E7_BD9459EB86D8</imvert-imap:id>
      <imvert-imap:type>ClassDiagram</imvert-imap:type>
      <imvert-imap:in-package>EAPK_C72902E9_0D7D_4afe_A521_A9CFCD3AEF19</imvert-imap:in-package>
      <imvert-imap:documentation/>
      <imvert-imap:show-caption>false</imvert-imap:show-caption>
      <imvert-imap:map>
         <imvert-imap:for-id>EAID_4527EEC1_4A09_4446_87D8_A1253AB65DD6</imvert-imap:for-id>
         <imvert-imap:loc type="imgL">519</imvert-imap:loc>
         <imvert-imap:loc type="imgT">35</imvert-imap:loc>
         <imvert-imap:loc type="imgR">732</imvert-imap:loc>
         <imvert-imap:loc type="imgB">150</imvert-imap:loc>
      </imvert-imap:map>
      <imvert-imap:map>
         <imvert-imap:for-id>EAID_AE489F79_919B_4daf_BC8E_A5F56765A975</imvert-imap:for-id>
         <imvert-imap:loc type="imgL">272</imvert-imap:loc>
         <imvert-imap:loc type="imgT">192</imvert-imap:loc>
         <imvert-imap:loc type="imgR">485</imvert-imap:loc>
         <imvert-imap:loc type="imgB">307</imvert-imap:loc>
      </imvert-imap:map>
      <imvert-imap:map>
         <imvert-imap:for-id>EAID_BCDE7C65_FA95_4428_82D4_6F2857D46259</imvert-imap:for-id>
         <imvert-imap:loc type="imgL">25</imvert-imap:loc>
         <imvert-imap:loc type="imgT">35</imvert-imap:loc>
         <imvert-imap:loc type="imgR">238</imvert-imap:loc>
         <imvert-imap:loc type="imgB">150</imvert-imap:loc>
      </imvert-imap:map>
      <imvert-imap:map>
         <imvert-imap:for-id>EAID_12300BFC_BAFC_42f7_B86D_592D9317C35D</imvert-imap:for-id>
         <imvert-imap:loc type="imgL">25</imvert-imap:loc>
         <imvert-imap:loc type="imgT">190</imvert-imap:loc>
         <imvert-imap:loc type="imgR">238</imvert-imap:loc>
         <imvert-imap:loc type="imgB">305</imvert-imap:loc>
      </imvert-imap:map>
      <imvert-imap:map>
         <imvert-imap:for-id>EAID_3986F90B_AA05_42ae_9B58_D2860A797039</imvert-imap:for-id>
         <imvert-imap:loc type="imgL">272</imvert-imap:loc>
         <imvert-imap:loc type="imgT">35</imvert-imap:loc>
         <imvert-imap:loc type="imgR">485</imvert-imap:loc>
         <imvert-imap:loc type="imgB">150</imvert-imap:loc>
      </imvert-imap:map>
   </imvert-imap:diagram>
   <imvert-imap:diagram>
      <imvert-imap:name>Unions OnroerendeZaak</imvert-imap:name>
      <imvert-imap:id>EAID_1DED6BCB_7E44_45ce_9806_F08B8CFE8A0F</imvert-imap:id>
      <imvert-imap:type>ClassDiagram</imvert-imap:type>
      <imvert-imap:in-package>EAPK_06979FBD_CFF1_42ec_9DE5_7955C1F5BDC1</imvert-imap:in-package>
      <imvert-imap:documentation/>
      <imvert-imap:show-caption>false</imvert-imap:show-caption>
      <imvert-imap:map>
         <imvert-imap:for-id>EAID_EDCECC8A_C2A6_4a5a_BE8B_7DA142B8ABE9</imvert-imap:for-id>
         <imvert-imap:loc type="imgL">25</imvert-imap:loc>
         <imvert-imap:loc type="imgT">35</imvert-imap:loc>
         <imvert-imap:loc type="imgR">175</imvert-imap:loc>
         <imvert-imap:loc type="imgB">124</imvert-imap:loc>
      </imvert-imap:map>
      <imvert-imap:map>
         <imvert-imap:for-id>EAID_5D96020B_702C_48fa_A6A2_E98EFB6602BD</imvert-imap:for-id>
         <imvert-imap:loc type="imgL">34</imvert-imap:loc>
         <imvert-imap:loc type="imgT">299</imvert-imap:loc>
         <imvert-imap:loc type="imgR">246</imvert-imap:loc>
         <imvert-imap:loc type="imgB">435</imvert-imap:loc>
      </imvert-imap:map>
      <imvert-imap:map>
         <imvert-imap:for-id>EAID_C31CE9E7_0E01_4543_A83C_1B5D0815D396</imvert-imap:for-id>
      </imvert-imap:map>
   </imvert-imap:diagram>
   <imvert-imap:diagram>
      <imvert-imap:name>Overview Recht - overzicht</imvert-imap:name>
      <imvert-imap:id>EAID_86B00873_39E7_4309_AD1A_D34FB62473EA</imvert-imap:id>
      <imvert-imap:type>ClassDiagram</imvert-imap:type>
      <imvert-imap:in-package>EAPK_7942E772_99BB_4a09_A5BB_1EFC2B9289AE</imvert-imap:in-package>
      <imvert-imap:documentation/>
      <imvert-imap:purpose>CFG-IMG-OVERVIEW</imvert-imap:purpose>
      <imvert-imap:show-caption>true</imvert-imap:show-caption>
      <imvert-imap:map>
         <imvert-imap:for-id>EAID_2543A689_C42B_4b86_BF86_C09AF5A65740</imvert-imap:for-id>
         <imvert-imap:loc type="imgL">598</imvert-imap:loc>
         <imvert-imap:loc type="imgT">473</imvert-imap:loc>
         <imvert-imap:loc type="imgR">861</imvert-imap:loc>
         <imvert-imap:loc type="imgB">639</imvert-imap:loc>
      </imvert-imap:map>
      <imvert-imap:map>
         <imvert-imap:for-id>EAID_02C68C94_6B70_442a_B9A9_7AD326EE84F8</imvert-imap:for-id>
         <imvert-imap:loc type="imgL">114</imvert-imap:loc>
         <imvert-imap:loc type="imgT">131</imvert-imap:loc>
         <imvert-imap:loc type="imgR">240</imvert-imap:loc>
         <imvert-imap:loc type="imgB">318</imvert-imap:loc>
      </imvert-imap:map>
      <imvert-imap:map>
         <imvert-imap:for-id>EAID_81D32388_8612_475a_9378_74DC364F0E58</imvert-imap:for-id>
         <imvert-imap:loc type="imgL">399</imvert-imap:loc>
         <imvert-imap:loc type="imgT">166</imvert-imap:loc>
         <imvert-imap:loc type="imgR">736</imvert-imap:loc>
         <imvert-imap:loc type="imgB">297</imvert-imap:loc>
      </imvert-imap:map>
      <imvert-imap:map>
         <imvert-imap:for-id>EAID_0E744701_7C6C_4dff_819A_A51411F747C6</imvert-imap:for-id>
      </imvert-imap:map>
      <imvert-imap:map>
         <imvert-imap:for-id>EAID_1B2174DE_4346_402d_B8FB_266684CE60BE</imvert-imap:for-id>
      </imvert-imap:map>
      <imvert-imap:map>
         <imvert-imap:for-id>EAID_49540A5A_E9D5_4fa3_B1EF_0D85AFBF8564</imvert-imap:for-id>
      </imvert-imap:map>
   </imvert-imap:diagram>
   <imvert-imap:diagram>
      <imvert-imap:name>Overview Persoon - overzicht</imvert-imap:name>
      <imvert-imap:id>EAID_6A9247E0_4150_4ee3_BC8F_FE2BE06B4B13</imvert-imap:id>
      <imvert-imap:type>ClassDiagram</imvert-imap:type>
      <imvert-imap:in-package>EAPK_0CD50689_2C00_4daa_BF58_B1951B4E8625</imvert-imap:in-package>
      <imvert-imap:documentation/>
      <imvert-imap:purpose>CFG-IMG-OVERVIEW</imvert-imap:purpose>
      <imvert-imap:show-caption>true</imvert-imap:show-caption>
      <imvert-imap:map>
         <imvert-imap:for-id>EAID_1CCAAD0A_F92F_4eab_8CB2_FAFD7821E389</imvert-imap:for-id>
         <imvert-imap:loc type="imgL">989</imvert-imap:loc>
         <imvert-imap:loc type="imgT">692</imvert-imap:loc>
         <imvert-imap:loc type="imgR">1135</imvert-imap:loc>
         <imvert-imap:loc type="imgB">770</imvert-imap:loc>
      </imvert-imap:map>
      <imvert-imap:map>
         <imvert-imap:for-id>EAID_8E322F74_1C00_484b_8F35_9F0096377063</imvert-imap:for-id>
         <imvert-imap:loc type="imgL">54</imvert-imap:loc>
         <imvert-imap:loc type="imgT">230</imvert-imap:loc>
         <imvert-imap:loc type="imgR">184</imvert-imap:loc>
         <imvert-imap:loc type="imgB">310</imvert-imap:loc>
      </imvert-imap:map>
      <imvert-imap:map>
         <imvert-imap:for-id>EAID_857A4290_0700_4ae2_9954_1322638A010B</imvert-imap:for-id>
         <imvert-imap:loc type="imgL">54</imvert-imap:loc>
         <imvert-imap:loc type="imgT">130</imvert-imap:loc>
         <imvert-imap:loc type="imgR">189</imvert-imap:loc>
         <imvert-imap:loc type="imgB">210</imvert-imap:loc>
      </imvert-imap:map>
      <imvert-imap:map>
         <imvert-imap:for-id>EAID_FA7BD226_E929_4472_9051_3EE39AB6881F</imvert-imap:for-id>
         <imvert-imap:loc type="imgL">463</imvert-imap:loc>
         <imvert-imap:loc type="imgT">121</imvert-imap:loc>
         <imvert-imap:loc type="imgR">765</imvert-imap:loc>
         <imvert-imap:loc type="imgB">504</imvert-imap:loc>
      </imvert-imap:map>
      <imvert-imap:map>
         <imvert-imap:for-id>EAID_6BAB90D1_A075_4d60_BBAA_E43C2647E8C8</imvert-imap:for-id>
         <imvert-imap:loc type="imgL">597</imvert-imap:loc>
         <imvert-imap:loc type="imgT">840</imvert-imap:loc>
         <imvert-imap:loc type="imgR">833</imvert-imap:loc>
         <imvert-imap:loc type="imgB">906</imvert-imap:loc>
      </imvert-imap:map>
      <imvert-imap:map>
         <imvert-imap:for-id>EAID_7ECCC940_3E6A_4d8a_A51E_0A74641494F5</imvert-imap:for-id>
         <imvert-imap:loc type="imgL">298</imvert-imap:loc>
         <imvert-imap:loc type="imgT">662</imvert-imap:loc>
         <imvert-imap:loc type="imgR">556</imvert-imap:loc>
         <imvert-imap:loc type="imgB">768</imvert-imap:loc>
      </imvert-imap:map>
      <imvert-imap:map>
         <imvert-imap:for-id>EAID_37E0C481_30A7_49d6_80FD_6179F396ADD4</imvert-imap:for-id>
         <imvert-imap:loc type="imgL">662</imvert-imap:loc>
         <imvert-imap:loc type="imgT">669</imvert-imap:loc>
         <imvert-imap:loc type="imgR">837</imvert-imap:loc>
         <imvert-imap:loc type="imgB">784</imvert-imap:loc>
      </imvert-imap:map>
      <imvert-imap:map>
         <imvert-imap:for-id>EAID_99A562B2_6028_4745_8042_3AA1E05ECC3E</imvert-imap:for-id>
         <imvert-imap:loc type="imgL">1214</imvert-imap:loc>
         <imvert-imap:loc type="imgT">324</imvert-imap:loc>
         <imvert-imap:loc type="imgR">1314</imvert-imap:loc>
         <imvert-imap:loc type="imgB">404</imvert-imap:loc>
      </imvert-imap:map>
      <imvert-imap:map>
         <imvert-imap:for-id>EAID_5585AE76_91B2_40c4_8144_FC7D423A78D4</imvert-imap:for-id>
         <imvert-imap:loc type="imgL">802</imvert-imap:loc>
         <imvert-imap:loc type="imgT">236</imvert-imap:loc>
         <imvert-imap:loc type="imgR">945</imvert-imap:loc>
         <imvert-imap:loc type="imgB">312</imvert-imap:loc>
      </imvert-imap:map>
      <imvert-imap:map>
         <imvert-imap:for-id>EAID_C5D4B6F3_2DAC_42c8_A8B8_7BDF48B1D8CA</imvert-imap:for-id>
         <imvert-imap:loc type="imgL">1216</imvert-imap:loc>
         <imvert-imap:loc type="imgT">445</imvert-imap:loc>
         <imvert-imap:loc type="imgR">1316</imvert-imap:loc>
         <imvert-imap:loc type="imgB">525</imvert-imap:loc>
      </imvert-imap:map>
      <imvert-imap:map>
         <imvert-imap:for-id>EAID_D3C3E6C9_F835_4a30_B922_6B4E20222846</imvert-imap:for-id>
         <imvert-imap:loc type="imgL">55</imvert-imap:loc>
         <imvert-imap:loc type="imgT">463</imvert-imap:loc>
         <imvert-imap:loc type="imgR">155</imvert-imap:loc>
         <imvert-imap:loc type="imgB">543</imvert-imap:loc>
      </imvert-imap:map>
      <imvert-imap:map>
         <imvert-imap:for-id>EAID_50AF4BAA_7DE9_401b_8832_07C37078D326</imvert-imap:for-id>
         <imvert-imap:loc type="imgL">220</imvert-imap:loc>
         <imvert-imap:loc type="imgT">840</imvert-imap:loc>
         <imvert-imap:loc type="imgR">452</imvert-imap:loc>
         <imvert-imap:loc type="imgB">907</imvert-imap:loc>
      </imvert-imap:map>
      <imvert-imap:map>
         <imvert-imap:for-id>EAID_FBCB9BF0_BC2B_4074_B932_C6FCD5893136</imvert-imap:for-id>
         <imvert-imap:loc type="imgL">55</imvert-imap:loc>
         <imvert-imap:loc type="imgT">350</imvert-imap:loc>
         <imvert-imap:loc type="imgR">155</imvert-imap:loc>
         <imvert-imap:loc type="imgB">430</imvert-imap:loc>
      </imvert-imap:map>
      <imvert-imap:map>
         <imvert-imap:for-id>EAID_D76D19C6_173A_436c_B6D8_4CAEA0A84ACA</imvert-imap:for-id>
      </imvert-imap:map>
      <imvert-imap:map>
         <imvert-imap:for-id>EAID_DDC1D306_E152_4b4e_B650_EDD28D36C5DB</imvert-imap:for-id>
      </imvert-imap:map>
      <imvert-imap:map>
         <imvert-imap:for-id>EAID_F25CC3C2_9F4C_4200_86A7_4585F5312C97</imvert-imap:for-id>
      </imvert-imap:map>
      <imvert-imap:map>
         <imvert-imap:for-id>EAID_7E692300_2FFF_4671_B43A_642C2D91BCA3</imvert-imap:for-id>
      </imvert-imap:map>
      <imvert-imap:map>
         <imvert-imap:for-id>EAID_E00DAAF7_2E00_45cb_AA90_5B569A4BD4AE</imvert-imap:for-id>
      </imvert-imap:map>
      <imvert-imap:map>
         <imvert-imap:for-id>EAID_138412D6_22AD_4642_87F1_DED091E9B008</imvert-imap:for-id>
      </imvert-imap:map>
      <imvert-imap:map>
         <imvert-imap:for-id>EAID_BE742095_2123_4933_8D5B_E9233246D663</imvert-imap:for-id>
      </imvert-imap:map>
      <imvert-imap:map>
         <imvert-imap:for-id>EAID_08D62AC5_21B4_4e21_9DA0_27DBEB405BA1</imvert-imap:for-id>
      </imvert-imap:map>
      <imvert-imap:map>
         <imvert-imap:for-id>EAID_0A72E2A2_BE7C_4988_9B7B_9F883B031F92</imvert-imap:for-id>
      </imvert-imap:map>
      <imvert-imap:map>
         <imvert-imap:for-id>EAID_83B85ECC_6C76_4c21_97E9_B63F04275825</imvert-imap:for-id>
      </imvert-imap:map>
      <imvert-imap:map>
         <imvert-imap:for-id>EAID_EE24AABB_EA7B_45bd_8F7D_5CBA71138A9C</imvert-imap:for-id>
      </imvert-imap:map>
      <imvert-imap:map>
         <imvert-imap:for-id>EAID_ABACE105_B7E6_4c2a_A893_53CC70D26828</imvert-imap:for-id>
      </imvert-imap:map>
      <imvert-imap:map>
         <imvert-imap:for-id>EAID_F70EE6EF_6217_492c_8BAA_D6689ACEB884</imvert-imap:for-id>
      </imvert-imap:map>
      <imvert-imap:map>
         <imvert-imap:for-id>EAID_92049B43_E569_4a39_AA98_6A642A4E1704</imvert-imap:for-id>
      </imvert-imap:map>
      <imvert-imap:map>
         <imvert-imap:for-id>EAID_4F335E5B_3035_45e4_AAB2_3B57FF318BBD</imvert-imap:for-id>
      </imvert-imap:map>
      <imvert-imap:map>
         <imvert-imap:for-id>EAID_50042DEB_401E_47cc_AFC1_BD36E09862EA</imvert-imap:for-id>
      </imvert-imap:map>
   </imvert-imap:diagram>
   <imvert-imap:diagram>
      <imvert-imap:name>Overview KIMBRP-Persoon- overzicht</imvert-imap:name>
      <imvert-imap:id>EAID_ECE4300E_0100_4592_AF32_52812FA5F3C5</imvert-imap:id>
      <imvert-imap:type>ClassDiagram</imvert-imap:type>
      <imvert-imap:in-package>EAPK_AF9BA26C_7DBB_437f_9A89_62124733AF13</imvert-imap:in-package>
      <imvert-imap:documentation/>
      <imvert-imap:purpose>CFG-IMG-OVERVIEW</imvert-imap:purpose>
      <imvert-imap:show-caption>true</imvert-imap:show-caption>
      <imvert-imap:map>
         <imvert-imap:for-id>EAID_BD581A2B_8A84_46e4_ADD9_ACD56EE1EEA0</imvert-imap:for-id>
         <imvert-imap:loc type="imgL">522</imvert-imap:loc>
         <imvert-imap:loc type="imgT">607</imvert-imap:loc>
         <imvert-imap:loc type="imgR">816</imvert-imap:loc>
         <imvert-imap:loc type="imgB">709</imvert-imap:loc>
      </imvert-imap:map>
      <imvert-imap:map>
         <imvert-imap:for-id>EAID_7F819EAA_77FC_4b94_96DE_9EE55E835EC1</imvert-imap:for-id>
         <imvert-imap:loc type="imgL">523</imvert-imap:loc>
         <imvert-imap:loc type="imgT">249</imvert-imap:loc>
         <imvert-imap:loc type="imgR">817</imvert-imap:loc>
         <imvert-imap:loc type="imgB">351</imvert-imap:loc>
      </imvert-imap:map>
      <imvert-imap:map>
         <imvert-imap:for-id>EAID_D812D2F1_7EC6_475a_A139_A05861A51A33</imvert-imap:for-id>
         <imvert-imap:loc type="imgL">127</imvert-imap:loc>
         <imvert-imap:loc type="imgT">731</imvert-imap:loc>
         <imvert-imap:loc type="imgR">403</imvert-imap:loc>
         <imvert-imap:loc type="imgB">833</imvert-imap:loc>
      </imvert-imap:map>
      <imvert-imap:map>
         <imvert-imap:for-id>EAID_B46E8FA6_21C0_4411_AF75_7FE737E47E4E</imvert-imap:for-id>
         <imvert-imap:loc type="imgL">522</imvert-imap:loc>
         <imvert-imap:loc type="imgT">368</imvert-imap:loc>
         <imvert-imap:loc type="imgR">816</imvert-imap:loc>
         <imvert-imap:loc type="imgB">470</imvert-imap:loc>
      </imvert-imap:map>
      <imvert-imap:map>
         <imvert-imap:for-id>EAID_F2B5280F_8C22_4b3f_80E5_282D68F21FC3</imvert-imap:for-id>
         <imvert-imap:loc type="imgL">522</imvert-imap:loc>
         <imvert-imap:loc type="imgT">488</imvert-imap:loc>
         <imvert-imap:loc type="imgR">816</imvert-imap:loc>
         <imvert-imap:loc type="imgB">590</imvert-imap:loc>
      </imvert-imap:map>
      <imvert-imap:map>
         <imvert-imap:for-id>EAID_1673F612_35C9_4a3b_A184_00CAC2C33C5F</imvert-imap:for-id>
         <imvert-imap:loc type="imgL">522</imvert-imap:loc>
         <imvert-imap:loc type="imgT">728</imvert-imap:loc>
         <imvert-imap:loc type="imgR">816</imvert-imap:loc>
         <imvert-imap:loc type="imgB">847</imvert-imap:loc>
      </imvert-imap:map>
      <imvert-imap:map>
         <imvert-imap:for-id>EAID_50AF4BAA_7DE9_401b_8832_07C37078D326</imvert-imap:for-id>
         <imvert-imap:loc type="imgL">136</imvert-imap:loc>
         <imvert-imap:loc type="imgT">356</imvert-imap:loc>
         <imvert-imap:loc type="imgR">409</imvert-imap:loc>
         <imvert-imap:loc type="imgB">647</imvert-imap:loc>
      </imvert-imap:map>
   </imvert-imap:diagram>
   <imvert-imap:diagram>
      <imvert-imap:name>Overview KIMNHR-Rechtspersoon -overzicht</imvert-imap:name>
      <imvert-imap:id>EAID_276A8ED1_D8EB_4e77_B1C3_6A20B0BE929B</imvert-imap:id>
      <imvert-imap:type>ClassDiagram</imvert-imap:type>
      <imvert-imap:in-package>EAPK_0BC3F639_75EC_4466_BAF0_A2DACA71423A</imvert-imap:in-package>
      <imvert-imap:documentation/>
      <imvert-imap:purpose>CFG-IMG-OVERVIEW</imvert-imap:purpose>
      <imvert-imap:show-caption>true</imvert-imap:show-caption>
      <imvert-imap:map>
         <imvert-imap:for-id>EAID_6BAB90D1_A075_4d60_BBAA_E43C2647E8C8</imvert-imap:for-id>
         <imvert-imap:loc type="imgL">245</imvert-imap:loc>
         <imvert-imap:loc type="imgT">35</imvert-imap:loc>
         <imvert-imap:loc type="imgR">409</imvert-imap:loc>
         <imvert-imap:loc type="imgB">141</imvert-imap:loc>
      </imvert-imap:map>
   </imvert-imap:diagram>
   <imvert-imap:diagram>
      <imvert-imap:name>Overview Adres - overzicht</imvert-imap:name>
      <imvert-imap:id>EAID_8CCFA90A_3454_42fe_B1DD_FC3781A38599</imvert-imap:id>
      <imvert-imap:type>ClassDiagram</imvert-imap:type>
      <imvert-imap:in-package>EAPK_1C375778_BAE4_4536_B986_CB0808D7E3FF</imvert-imap:in-package>
      <imvert-imap:documentation/>
      <imvert-imap:purpose>CFG-IMG-OVERVIEW</imvert-imap:purpose>
      <imvert-imap:show-caption>true</imvert-imap:show-caption>
      <imvert-imap:map>
         <imvert-imap:for-id>EAID_C0873187_8660_448a_A353_315C87E26938</imvert-imap:for-id>
         <imvert-imap:loc type="imgL">620</imvert-imap:loc>
         <imvert-imap:loc type="imgT">664</imvert-imap:loc>
         <imvert-imap:loc type="imgR">811</imvert-imap:loc>
         <imvert-imap:loc type="imgB">725</imvert-imap:loc>
      </imvert-imap:map>
      <imvert-imap:map>
         <imvert-imap:for-id>EAID_48AD7DF4_3BE1_4588_8BBB_1ED39A4B851E</imvert-imap:for-id>
         <imvert-imap:loc type="imgL">288</imvert-imap:loc>
         <imvert-imap:loc type="imgT">664</imvert-imap:loc>
         <imvert-imap:loc type="imgR">479</imvert-imap:loc>
         <imvert-imap:loc type="imgB">725</imvert-imap:loc>
      </imvert-imap:map>
      <imvert-imap:map>
         <imvert-imap:for-id>EAID_07735DCE_2E3A_4f3f_A739_4AE0F2BA5938</imvert-imap:for-id>
         <imvert-imap:loc type="imgL">25</imvert-imap:loc>
         <imvert-imap:loc type="imgT">520</imvert-imap:loc>
         <imvert-imap:loc type="imgR">201</imvert-imap:loc>
         <imvert-imap:loc type="imgB">581</imvert-imap:loc>
      </imvert-imap:map>
      <imvert-imap:map>
         <imvert-imap:for-id>EAID_F924BACE_C916_4753_ADBA_94D30426AA4B</imvert-imap:for-id>
         <imvert-imap:loc type="imgL">294</imvert-imap:loc>
         <imvert-imap:loc type="imgT">519</imvert-imap:loc>
         <imvert-imap:loc type="imgR">471</imvert-imap:loc>
         <imvert-imap:loc type="imgB">580</imvert-imap:loc>
      </imvert-imap:map>
      <imvert-imap:map>
         <imvert-imap:for-id>EAID_4ECBF4CA_5238_4047_AFBA_406314709B25</imvert-imap:for-id>
         <imvert-imap:loc type="imgL">605</imvert-imap:loc>
         <imvert-imap:loc type="imgT">520</imvert-imap:loc>
         <imvert-imap:loc type="imgR">782</imvert-imap:loc>
         <imvert-imap:loc type="imgB">581</imvert-imap:loc>
      </imvert-imap:map>
      <imvert-imap:map>
         <imvert-imap:for-id>EAID_C5D4B6F3_2DAC_42c8_A8B8_7BDF48B1D8CA</imvert-imap:for-id>
         <imvert-imap:loc type="imgL">427</imvert-imap:loc>
         <imvert-imap:loc type="imgT">288</imvert-imap:loc>
         <imvert-imap:loc type="imgR">635</imvert-imap:loc>
         <imvert-imap:loc type="imgB">390</imvert-imap:loc>
      </imvert-imap:map>
      <imvert-imap:map>
         <imvert-imap:for-id>EAID_99A562B2_6028_4745_8042_3AA1E05ECC3E</imvert-imap:for-id>
         <imvert-imap:loc type="imgL">471</imvert-imap:loc>
         <imvert-imap:loc type="imgT">115</imvert-imap:loc>
         <imvert-imap:loc type="imgR">830</imvert-imap:loc>
         <imvert-imap:loc type="imgB">221</imvert-imap:loc>
      </imvert-imap:map>
      <imvert-imap:map>
         <imvert-imap:for-id>EAID_1B949AF2_CE90_4ce9_A51B_F38B3A6AEA9A</imvert-imap:for-id>
         <imvert-imap:loc type="imgL">669</imvert-imap:loc>
         <imvert-imap:loc type="imgT">291</imvert-imap:loc>
         <imvert-imap:loc type="imgR">877</imvert-imap:loc>
         <imvert-imap:loc type="imgB">393</imvert-imap:loc>
      </imvert-imap:map>
      <imvert-imap:map>
         <imvert-imap:for-id>EAID_FCF4507E_7A13_41e2_9473_07CD50DC9F9B</imvert-imap:for-id>
      </imvert-imap:map>
      <imvert-imap:map>
         <imvert-imap:for-id>EAID_83B85ECC_6C76_4c21_97E9_B63F04275825</imvert-imap:for-id>
      </imvert-imap:map>
      <imvert-imap:map>
         <imvert-imap:for-id>EAID_A628AB7A_380F_4ef3_9A33_3E2BFE9CB897</imvert-imap:for-id>
      </imvert-imap:map>
      <imvert-imap:map>
         <imvert-imap:for-id>EAID_CB521EDD_4F86_428d_8A4B_9A265D3B895E</imvert-imap:for-id>
      </imvert-imap:map>
      <imvert-imap:map>
         <imvert-imap:for-id>EAID_B08C9537_04F0_4f0b_9724_84BFC34B9BCF</imvert-imap:for-id>
      </imvert-imap:map>
      <imvert-imap:map>
         <imvert-imap:for-id>EAID_44BF8380_29FD_4a53_B209_0DDE0E5AA8A3</imvert-imap:for-id>
      </imvert-imap:map>
      <imvert-imap:map>
         <imvert-imap:for-id>EAID_66C2477F_3330_42a9_8F5F_6252D0FD47D3</imvert-imap:for-id>
      </imvert-imap:map>
   </imvert-imap:diagram>
   <imvert-imap:diagram>
      <imvert-imap:name>KIMBAG-Adres - overzicht</imvert-imap:name>
      <imvert-imap:id>EAID_4F265B04_0E29_41d4_9756_CC0B46AB3384</imvert-imap:id>
      <imvert-imap:type>ClassDiagram</imvert-imap:type>
      <imvert-imap:in-package>EAPK_03388285_C037_4c64_87AF_C5024AC3DDB5</imvert-imap:in-package>
      <imvert-imap:documentation/>
      <imvert-imap:purpose>CFG-IMG-OVERVIEW</imvert-imap:purpose>
      <imvert-imap:show-caption>true</imvert-imap:show-caption>
      <imvert-imap:map>
         <imvert-imap:for-id>EAID_D6FEFF9E_004C_4026_9BDB_5F3941DA2972</imvert-imap:for-id>
         <imvert-imap:loc type="imgL">804</imvert-imap:loc>
         <imvert-imap:loc type="imgT">339</imvert-imap:loc>
         <imvert-imap:loc type="imgR">1054</imvert-imap:loc>
         <imvert-imap:loc type="imgB">459</imvert-imap:loc>
      </imvert-imap:map>
      <imvert-imap:map>
         <imvert-imap:for-id>EAID_6AEE8A7A_FC79_47bc_968A_E0F0F19A6262</imvert-imap:for-id>
         <imvert-imap:loc type="imgL">571</imvert-imap:loc>
         <imvert-imap:loc type="imgT">183</imvert-imap:loc>
         <imvert-imap:loc type="imgR">763</imvert-imap:loc>
         <imvert-imap:loc type="imgB">293</imvert-imap:loc>
      </imvert-imap:map>
      <imvert-imap:map>
         <imvert-imap:for-id>EAID_5E972F99_AD4B_44e9_8F19_EC5BDE7EFB52</imvert-imap:for-id>
         <imvert-imap:loc type="imgL">993</imvert-imap:loc>
         <imvert-imap:loc type="imgT">183</imvert-imap:loc>
         <imvert-imap:loc type="imgR">1185</imvert-imap:loc>
         <imvert-imap:loc type="imgB">294</imvert-imap:loc>
      </imvert-imap:map>
      <imvert-imap:map>
         <imvert-imap:for-id>EAID_BCBFEB8F_3537_4204_87D7_776A3DCC356F</imvert-imap:for-id>
         <imvert-imap:loc type="imgL">783</imvert-imap:loc>
         <imvert-imap:loc type="imgT">184</imvert-imap:loc>
         <imvert-imap:loc type="imgR">975</imvert-imap:loc>
         <imvert-imap:loc type="imgB">295</imvert-imap:loc>
      </imvert-imap:map>
      <imvert-imap:map>
         <imvert-imap:for-id>EAID_4D378101_2E5F_4255_A8A4_B630B28AF763</imvert-imap:for-id>
         <imvert-imap:loc type="imgL">783</imvert-imap:loc>
         <imvert-imap:loc type="imgT">44</imvert-imap:loc>
         <imvert-imap:loc type="imgR">935</imvert-imap:loc>
         <imvert-imap:loc type="imgB">124</imvert-imap:loc>
      </imvert-imap:map>
      <imvert-imap:map>
         <imvert-imap:for-id>EAID_48AD7DF4_3BE1_4588_8BBB_1ED39A4B851E</imvert-imap:for-id>
         <imvert-imap:loc type="imgL">226</imvert-imap:loc>
         <imvert-imap:loc type="imgT">35</imvert-imap:loc>
         <imvert-imap:loc type="imgR">513</imvert-imap:loc>
         <imvert-imap:loc type="imgB">227</imvert-imap:loc>
      </imvert-imap:map>
      <imvert-imap:map>
         <imvert-imap:for-id>EAID_B865A197_C216_486d_BBAD_1764163F9735</imvert-imap:for-id>
         <imvert-imap:loc type="imgL">25</imvert-imap:loc>
         <imvert-imap:loc type="imgT">336</imvert-imap:loc>
         <imvert-imap:loc type="imgR">290</imvert-imap:loc>
         <imvert-imap:loc type="imgB">465</imvert-imap:loc>
      </imvert-imap:map>
      <imvert-imap:map>
         <imvert-imap:for-id>EAID_5E4F1500_0A67_4d58_85D5_274CC21EE948</imvert-imap:for-id>
         <imvert-imap:loc type="imgL">467</imvert-imap:loc>
         <imvert-imap:loc type="imgT">333</imvert-imap:loc>
         <imvert-imap:loc type="imgR">741</imvert-imap:loc>
         <imvert-imap:loc type="imgB">460</imvert-imap:loc>
      </imvert-imap:map>
      <imvert-imap:map>
         <imvert-imap:for-id>EAID_3BE713EE_E4EA_464d_B821_0CB552716920</imvert-imap:for-id>
      </imvert-imap:map>
      <imvert-imap:map>
         <imvert-imap:for-id>EAID_BB0674EC_2CE3_499f_ADF4_4CF6A1A85775</imvert-imap:for-id>
      </imvert-imap:map>
      <imvert-imap:map>
         <imvert-imap:for-id>EAID_D6EBB5BB_3C37_434a_8016_DD7C27B7E0A5</imvert-imap:for-id>
      </imvert-imap:map>
      <imvert-imap:map>
         <imvert-imap:for-id>EAID_6AE234DD_3E86_4030_9732_3229FDE0788A</imvert-imap:for-id>
      </imvert-imap:map>
      <imvert-imap:map>
         <imvert-imap:for-id>EAID_FFDABFB9_9CCE_453c_AB2E_290363463DA4</imvert-imap:for-id>
      </imvert-imap:map>
      <imvert-imap:map>
         <imvert-imap:for-id>EAID_03831DB3_71CD_472a_BFA7_A8A939A2ACB4</imvert-imap:for-id>
      </imvert-imap:map>
      <imvert-imap:map>
         <imvert-imap:for-id>EAID_6B930F11_CE4D_4017_847D_0CEB6CEC849A</imvert-imap:for-id>
      </imvert-imap:map>
      <imvert-imap:map>
         <imvert-imap:for-id>EAID_3A908338_C6FF_4170_BE67_BB7331B829D9</imvert-imap:for-id>
      </imvert-imap:map>
   </imvert-imap:diagram>
   <imvert-imap:diagram>
      <imvert-imap:name>IMBAG typen</imvert-imap:name>
      <imvert-imap:id>EAID_315865D1_2746_4efb_9350_8B1A8F85B5E7</imvert-imap:id>
      <imvert-imap:type>ClassDiagram</imvert-imap:type>
      <imvert-imap:in-package>EAPK_EAD01C9A_5E7B_4fea_AFA4_210F18ED1F0C</imvert-imap:in-package>
      <imvert-imap:documentation/>
      <imvert-imap:show-caption>false</imvert-imap:show-caption>
      <imvert-imap:map>
         <imvert-imap:for-id>EAID_D6FEFF9E_004C_4026_9BDB_5F3941DA2972</imvert-imap:for-id>
         <imvert-imap:loc type="imgL">193</imvert-imap:loc>
         <imvert-imap:loc type="imgT">37</imvert-imap:loc>
         <imvert-imap:loc type="imgR">346</imvert-imap:loc>
         <imvert-imap:loc type="imgB">139</imvert-imap:loc>
      </imvert-imap:map>
      <imvert-imap:map>
         <imvert-imap:for-id>EAID_2623C0A0_8D38_4630_AF3F_B477F6F634BB</imvert-imap:for-id>
         <imvert-imap:loc type="imgL">25</imvert-imap:loc>
         <imvert-imap:loc type="imgT">35</imvert-imap:loc>
         <imvert-imap:loc type="imgR">163</imvert-imap:loc>
         <imvert-imap:loc type="imgB">91</imvert-imap:loc>
      </imvert-imap:map>
   </imvert-imap:diagram>
   <imvert-imap:diagram>
      <imvert-imap:name>KIMBRP-Adres - overzicht</imvert-imap:name>
      <imvert-imap:id>EAID_44C0AADA_D71D_40fb_B0F8_DE3824881076</imvert-imap:id>
      <imvert-imap:type>ClassDiagram</imvert-imap:type>
      <imvert-imap:in-package>EAPK_C808CBB0_CFF5_4c56_86FF_8DB35FBA0BB5</imvert-imap:in-package>
      <imvert-imap:documentation/>
      <imvert-imap:purpose>CFG-IMG-OVERVIEW</imvert-imap:purpose>
      <imvert-imap:show-caption>true</imvert-imap:show-caption>
      <imvert-imap:map>
         <imvert-imap:for-id>EAID_02E565DF_B85D_4303_908B_D1EDB66D1ACB</imvert-imap:for-id>
         <imvert-imap:loc type="imgL">25</imvert-imap:loc>
         <imvert-imap:loc type="imgT">285</imvert-imap:loc>
         <imvert-imap:loc type="imgR">228</imvert-imap:loc>
         <imvert-imap:loc type="imgB">362</imvert-imap:loc>
      </imvert-imap:map>
      <imvert-imap:map>
         <imvert-imap:for-id>EAID_C0873187_8660_448a_A353_315C87E26938</imvert-imap:for-id>
         <imvert-imap:loc type="imgL">25</imvert-imap:loc>
         <imvert-imap:loc type="imgT">106</imvert-imap:loc>
         <imvert-imap:loc type="imgR">229</imvert-imap:loc>
         <imvert-imap:loc type="imgB">256</imvert-imap:loc>
      </imvert-imap:map>
   </imvert-imap:diagram>
   <imvert-imap:diagram>
      <imvert-imap:name>Objecttypen met historie</imvert-imap:name>
      <imvert-imap:id>EAID_17436288_A945_480c_97D7_F0473967AA5F</imvert-imap:id>
      <imvert-imap:type>ClassDiagram</imvert-imap:type>
      <imvert-imap:in-package>EAPK_63D29D0E_CAB5_4709_BE6E_83D7CC73BFF3</imvert-imap:in-package>
      <imvert-imap:documentation/>
      <imvert-imap:show-caption>false</imvert-imap:show-caption>
      <imvert-imap:map>
         <imvert-imap:for-id>EAID_DE34D5AB_6215_4144_9BA4_33609312FC30</imvert-imap:for-id>
         <imvert-imap:loc type="imgL">513</imvert-imap:loc>
         <imvert-imap:loc type="imgT">100</imvert-imap:loc>
         <imvert-imap:loc type="imgR">676</imvert-imap:loc>
         <imvert-imap:loc type="imgB">347</imvert-imap:loc>
      </imvert-imap:map>
      <imvert-imap:map>
         <imvert-imap:for-id>EAID_07735DCE_2E3A_4f3f_A739_4AE0F2BA5938</imvert-imap:for-id>
         <imvert-imap:loc type="imgL">783</imvert-imap:loc>
         <imvert-imap:loc type="imgT">214</imvert-imap:loc>
         <imvert-imap:loc type="imgR">901</imvert-imap:loc>
         <imvert-imap:loc type="imgB">267</imvert-imap:loc>
      </imvert-imap:map>
      <imvert-imap:map>
         <imvert-imap:for-id>EAID_2543A689_C42B_4b86_BF86_C09AF5A65740</imvert-imap:for-id>
         <imvert-imap:loc type="imgL">57</imvert-imap:loc>
         <imvert-imap:loc type="imgT">837</imvert-imap:loc>
         <imvert-imap:loc type="imgR">175</imvert-imap:loc>
         <imvert-imap:loc type="imgB">890</imvert-imap:loc>
      </imvert-imap:map>
      <imvert-imap:map>
         <imvert-imap:for-id>EAID_566C888E_BBF2_4d78_8627_70869C7F2361</imvert-imap:for-id>
         <imvert-imap:loc type="imgL">25</imvert-imap:loc>
         <imvert-imap:loc type="imgT">569</imvert-imap:loc>
         <imvert-imap:loc type="imgR">175</imvert-imap:loc>
         <imvert-imap:loc type="imgB">622</imvert-imap:loc>
      </imvert-imap:map>
      <imvert-imap:map>
         <imvert-imap:for-id>EAID_D314E866_18BD_4346_AC2D_250C9C217F2E</imvert-imap:for-id>
         <imvert-imap:loc type="imgL">336</imvert-imap:loc>
         <imvert-imap:loc type="imgT">100</imvert-imap:loc>
         <imvert-imap:loc type="imgR">479</imvert-imap:loc>
         <imvert-imap:loc type="imgB">1324</imvert-imap:loc>
      </imvert-imap:map>
      <imvert-imap:map>
         <imvert-imap:for-id>EAID_99A562B2_6028_4745_8042_3AA1E05ECC3E</imvert-imap:for-id>
         <imvert-imap:loc type="imgL">57</imvert-imap:loc>
         <imvert-imap:loc type="imgT">907</imvert-imap:loc>
         <imvert-imap:loc type="imgR">175</imvert-imap:loc>
         <imvert-imap:loc type="imgB">960</imvert-imap:loc>
      </imvert-imap:map>
      <imvert-imap:map>
         <imvert-imap:for-id>EAID_9FB8E66F_178A_4a4c_B311_A50CDC7EA840</imvert-imap:for-id>
         <imvert-imap:loc type="imgL">783</imvert-imap:loc>
         <imvert-imap:loc type="imgT">105</imvert-imap:loc>
         <imvert-imap:loc type="imgR">901</imvert-imap:loc>
         <imvert-imap:loc type="imgB">199</imvert-imap:loc>
      </imvert-imap:map>
      <imvert-imap:map>
         <imvert-imap:for-id>EAID_81D32388_8612_475a_9378_74DC364F0E58</imvert-imap:for-id>
         <imvert-imap:loc type="imgL">60</imvert-imap:loc>
         <imvert-imap:loc type="imgT">502</imvert-imap:loc>
         <imvert-imap:loc type="imgR">178</imvert-imap:loc>
         <imvert-imap:loc type="imgB">555</imvert-imap:loc>
      </imvert-imap:map>
      <imvert-imap:map>
         <imvert-imap:for-id>EAID_CA7DDAA4_1000_4f56_AC7B_CC1BDE592D7D</imvert-imap:for-id>
         <imvert-imap:loc type="imgL">57</imvert-imap:loc>
         <imvert-imap:loc type="imgT">636</imvert-imap:loc>
         <imvert-imap:loc type="imgR">175</imvert-imap:loc>
         <imvert-imap:loc type="imgB">689</imvert-imap:loc>
      </imvert-imap:map>
      <imvert-imap:map>
         <imvert-imap:for-id>EAID_9F857FA1_F152_4e05_B441_9685AD293158</imvert-imap:for-id>
         <imvert-imap:loc type="imgL">57</imvert-imap:loc>
         <imvert-imap:loc type="imgT">770</imvert-imap:loc>
         <imvert-imap:loc type="imgR">175</imvert-imap:loc>
         <imvert-imap:loc type="imgB">823</imvert-imap:loc>
      </imvert-imap:map>
      <imvert-imap:map>
         <imvert-imap:for-id>EAID_D3C3E6C9_F835_4a30_B922_6B4E20222846</imvert-imap:for-id>
         <imvert-imap:loc type="imgL">57</imvert-imap:loc>
         <imvert-imap:loc type="imgT">703</imvert-imap:loc>
         <imvert-imap:loc type="imgR">175</imvert-imap:loc>
         <imvert-imap:loc type="imgB">756</imvert-imap:loc>
      </imvert-imap:map>
      <imvert-imap:map>
         <imvert-imap:for-id>EAID_8D7893BA_EDB9_4d11_B484_F2D89A9C2D6B</imvert-imap:for-id>
         <imvert-imap:loc type="imgL">784</imvert-imap:loc>
         <imvert-imap:loc type="imgT">287</imvert-imap:loc>
         <imvert-imap:loc type="imgR">902</imvert-imap:loc>
         <imvert-imap:loc type="imgB">340</imvert-imap:loc>
      </imvert-imap:map>
      <imvert-imap:map>
         <imvert-imap:for-id>EAID_2BC53F5D_2152_4ce9_8954_A94C8688AC25</imvert-imap:for-id>
         <imvert-imap:loc type="imgL">60</imvert-imap:loc>
         <imvert-imap:loc type="imgT">183</imvert-imap:loc>
         <imvert-imap:loc type="imgR">178</imvert-imap:loc>
         <imvert-imap:loc type="imgB">236</imvert-imap:loc>
      </imvert-imap:map>
      <imvert-imap:map>
         <imvert-imap:for-id>EAID_FBCB9BF0_BC2B_4074_B932_C6FCD5893136</imvert-imap:for-id>
         <imvert-imap:loc type="imgL">60</imvert-imap:loc>
         <imvert-imap:loc type="imgT">250</imvert-imap:loc>
         <imvert-imap:loc type="imgR">178</imvert-imap:loc>
         <imvert-imap:loc type="imgB">303</imvert-imap:loc>
      </imvert-imap:map>
      <imvert-imap:map>
         <imvert-imap:for-id>EAID_95115C7D_2FA8_4742_81A8_993FC5ABD62D</imvert-imap:for-id>
      </imvert-imap:map>
      <imvert-imap:map>
         <imvert-imap:for-id>EAID_49540A5A_E9D5_4fa3_B1EF_0D85AFBF8564</imvert-imap:for-id>
      </imvert-imap:map>
      <imvert-imap:map>
         <imvert-imap:for-id>EAID_2C33A919_17BD_42b1_BE98_90620E3FF5E3</imvert-imap:for-id>
      </imvert-imap:map>
      <imvert-imap:map>
         <imvert-imap:for-id>EAID_3E7CB3E9_F53C_4f6e_828E_29210E801735</imvert-imap:for-id>
      </imvert-imap:map>
      <imvert-imap:map>
         <imvert-imap:for-id>EAID_69D2942B_2DC0_4ec3_8370_7C860DB4D864</imvert-imap:for-id>
      </imvert-imap:map>
      <imvert-imap:map>
         <imvert-imap:for-id>EAID_64DC65BB_D2E1_4990_9C9D_5D72E0AAFB1E</imvert-imap:for-id>
      </imvert-imap:map>
      <imvert-imap:map>
         <imvert-imap:for-id>EAID_5BEBDEBA_A6C0_4601_925A_C4B778D98B52</imvert-imap:for-id>
      </imvert-imap:map>
      <imvert-imap:map>
         <imvert-imap:for-id>EAID_5493149A_F5F3_4d72_95F3_E094FA29EAEC</imvert-imap:for-id>
      </imvert-imap:map>
      <imvert-imap:map>
         <imvert-imap:for-id>EAID_1B2174DE_4346_402d_B8FB_266684CE60BE</imvert-imap:for-id>
      </imvert-imap:map>
      <imvert-imap:map>
         <imvert-imap:for-id>EAID_EC0E87D7_2899_4a94_A329_01A174A34073</imvert-imap:for-id>
      </imvert-imap:map>
      <imvert-imap:map>
         <imvert-imap:for-id>EAID_6FBA41E6_930C_4b95_B964_E713D221798D</imvert-imap:for-id>
      </imvert-imap:map>
      <imvert-imap:map>
         <imvert-imap:for-id>EAID_A8AC9EAE_5E57_4cdb_A4C5_066CD8A4B07C</imvert-imap:for-id>
      </imvert-imap:map>
      <imvert-imap:map>
         <imvert-imap:for-id>EAID_5B9F4CBC_44ED_46ff_89C5_1B7702FA17E5</imvert-imap:for-id>
      </imvert-imap:map>
      <imvert-imap:map>
         <imvert-imap:for-id>EAID_4092AB52_5750_4a81_8DA2_E0666412D721</imvert-imap:for-id>
      </imvert-imap:map>
      <imvert-imap:map>
         <imvert-imap:for-id>EAID_EE24AABB_EA7B_45bd_8F7D_5CBA71138A9C</imvert-imap:for-id>
      </imvert-imap:map>
      <imvert-imap:map>
         <imvert-imap:for-id>EAID_D32594B4_71AC_42e0_9A82_E1BDB498E6FB</imvert-imap:for-id>
      </imvert-imap:map>
      <imvert-imap:map>
         <imvert-imap:for-id>EAID_4E4D411B_7CD9_4086_8A4B_3AB113659D46</imvert-imap:for-id>
      </imvert-imap:map>
      <imvert-imap:map>
         <imvert-imap:for-id>EAID_CF87702E_070B_4f20_90A5_55714A791915</imvert-imap:for-id>
      </imvert-imap:map>
      <imvert-imap:map>
         <imvert-imap:for-id>EAID_D8917F55_56F2_4ed6_BA20_E54D623C7DB1</imvert-imap:for-id>
      </imvert-imap:map>
      <imvert-imap:map>
         <imvert-imap:for-id>EAID_77E25309_9026_45b2_9843_4A71060294E7</imvert-imap:for-id>
      </imvert-imap:map>
      <imvert-imap:map>
         <imvert-imap:for-id>EAID_98177924_3818_45bc_8C0B_38FB9D7ED5CD</imvert-imap:for-id>
      </imvert-imap:map>
      <imvert-imap:map>
         <imvert-imap:for-id>EAID_3D501162_B8DB_4d52_A76E_7D5E3BC83B62</imvert-imap:for-id>
      </imvert-imap:map>
      <imvert-imap:map>
         <imvert-imap:for-id>EAID_132D0933_0E18_4f63_AF92_B52A89B9E8CD</imvert-imap:for-id>
      </imvert-imap:map>
   </imvert-imap:diagram>
   <imvert-imap:diagram>
      <imvert-imap:name>Overview Historie</imvert-imap:name>
      <imvert-imap:id>EAID_53330C80_253D_483a_B352_F21B2D882BBC</imvert-imap:id>
      <imvert-imap:type>ClassDiagram</imvert-imap:type>
      <imvert-imap:in-package>EAPK_63D29D0E_CAB5_4709_BE6E_83D7CC73BFF3</imvert-imap:in-package>
      <imvert-imap:documentation/>
      <imvert-imap:show-caption>false</imvert-imap:show-caption>
      <imvert-imap:map>
         <imvert-imap:for-id>EAID_A3CF5837_28D8_4172_A310_E77102E76B23</imvert-imap:for-id>
         <imvert-imap:loc type="imgL">345</imvert-imap:loc>
         <imvert-imap:loc type="imgT">425</imvert-imap:loc>
         <imvert-imap:loc type="imgR">445</imvert-imap:loc>
         <imvert-imap:loc type="imgB">505</imvert-imap:loc>
      </imvert-imap:map>
      <imvert-imap:map>
         <imvert-imap:for-id>EAID_EB778A53_A1EC_4308_BF8D_3361DC848863</imvert-imap:for-id>
         <imvert-imap:loc type="imgL">340</imvert-imap:loc>
         <imvert-imap:loc type="imgT">265</imvert-imap:loc>
         <imvert-imap:loc type="imgR">579</imvert-imap:loc>
         <imvert-imap:loc type="imgB">406</imvert-imap:loc>
      </imvert-imap:map>
      <imvert-imap:map>
         <imvert-imap:for-id>EAID_DE34D5AB_6215_4144_9BA4_33609312FC30</imvert-imap:for-id>
         <imvert-imap:loc type="imgL">33</imvert-imap:loc>
         <imvert-imap:loc type="imgT">268</imvert-imap:loc>
         <imvert-imap:loc type="imgR">196</imvert-imap:loc>
         <imvert-imap:loc type="imgB">357</imvert-imap:loc>
      </imvert-imap:map>
      <imvert-imap:map>
         <imvert-imap:for-id>EAID_D314E866_18BD_4346_AC2D_250C9C217F2E</imvert-imap:for-id>
         <imvert-imap:loc type="imgL">33</imvert-imap:loc>
         <imvert-imap:loc type="imgT">108</imvert-imap:loc>
         <imvert-imap:loc type="imgR">200</imvert-imap:loc>
         <imvert-imap:loc type="imgB">209</imvert-imap:loc>
      </imvert-imap:map>
      <imvert-imap:map>
         <imvert-imap:for-id>EAID_2D302D79_611C_416e_A7A9_E99462550E40</imvert-imap:for-id>
         <imvert-imap:loc type="imgL">340</imvert-imap:loc>
         <imvert-imap:loc type="imgT">109</imvert-imap:loc>
         <imvert-imap:loc type="imgR">577</imvert-imap:loc>
         <imvert-imap:loc type="imgB">250</imvert-imap:loc>
      </imvert-imap:map>
   </imvert-imap:diagram>
   <imvert-imap:diagram>
      <imvert-imap:name>Datatypen historie</imvert-imap:name>
      <imvert-imap:id>EAID_53F1C4D1_C229_4d6c_A124_5940A75D0D30</imvert-imap:id>
      <imvert-imap:type>ClassDiagram</imvert-imap:type>
      <imvert-imap:in-package>EAPK_BC0685FF_3D56_4936_BB15_D0094B3B5202</imvert-imap:in-package>
      <imvert-imap:documentation/>
      <imvert-imap:show-caption>false</imvert-imap:show-caption>
      <imvert-imap:map>
         <imvert-imap:for-id>EAID_A3CF5837_28D8_4172_A310_E77102E76B23</imvert-imap:for-id>
         <imvert-imap:loc type="imgL">25</imvert-imap:loc>
         <imvert-imap:loc type="imgT">35</imvert-imap:loc>
         <imvert-imap:loc type="imgR">125</imvert-imap:loc>
         <imvert-imap:loc type="imgB">115</imvert-imap:loc>
      </imvert-imap:map>
   </imvert-imap:diagram>
   <imvert-imap:diagram>
      <imvert-imap:name>Overview Typen - overzicht</imvert-imap:name>
      <imvert-imap:id>EAID_4ACE7CA6_4EE7_4d62_B9C0_DC5B29516348</imvert-imap:id>
      <imvert-imap:type>ClassDiagram</imvert-imap:type>
      <imvert-imap:in-package>EAPK_641F9D5F_FA7C_4d44_A7C7_63A6D6359479</imvert-imap:in-package>
      <imvert-imap:documentation/>
      <imvert-imap:purpose>CFG-IMG-OVERVIEW</imvert-imap:purpose>
      <imvert-imap:show-caption>true</imvert-imap:show-caption>
      <imvert-imap:map>
         <imvert-imap:for-id>EAID_E93EFA54_4CFB_4e08_80C9_1F4043C2BC6F</imvert-imap:for-id>
         <imvert-imap:loc type="imgL">506</imvert-imap:loc>
         <imvert-imap:loc type="imgT">104</imvert-imap:loc>
         <imvert-imap:loc type="imgR">646</imvert-imap:loc>
         <imvert-imap:loc type="imgB">149</imvert-imap:loc>
      </imvert-imap:map>
      <imvert-imap:map>
         <imvert-imap:for-id>EAID_6B9B8893_E5BC_4ee4_8D5D_3BBEB7544F3A</imvert-imap:for-id>
         <imvert-imap:loc type="imgL">37</imvert-imap:loc>
         <imvert-imap:loc type="imgT">603</imvert-imap:loc>
         <imvert-imap:loc type="imgR">218</imvert-imap:loc>
         <imvert-imap:loc type="imgB">709</imvert-imap:loc>
      </imvert-imap:map>
      <imvert-imap:map>
         <imvert-imap:for-id>EAID_162A96E4_F53B_454c_86B4_63B2F473C893</imvert-imap:for-id>
         <imvert-imap:loc type="imgL">244</imvert-imap:loc>
         <imvert-imap:loc type="imgT">444</imvert-imap:loc>
         <imvert-imap:loc type="imgR">364</imvert-imap:loc>
         <imvert-imap:loc type="imgB">563</imvert-imap:loc>
      </imvert-imap:map>
      <imvert-imap:map>
         <imvert-imap:for-id>EAID_4BFBA567_FBA2_4e84_8DED_2C68944F73D0</imvert-imap:for-id>
         <imvert-imap:loc type="imgL">245</imvert-imap:loc>
         <imvert-imap:loc type="imgT">265</imvert-imap:loc>
         <imvert-imap:loc type="imgR">425</imvert-imap:loc>
         <imvert-imap:loc type="imgB">371</imvert-imap:loc>
      </imvert-imap:map>
      <imvert-imap:map>
         <imvert-imap:for-id>EAID_628AE785_7639_4b4b_9409_5E4055AADA2F</imvert-imap:for-id>
         <imvert-imap:loc type="imgL">35</imvert-imap:loc>
         <imvert-imap:loc type="imgT">105</imvert-imap:loc>
         <imvert-imap:loc type="imgR">171</imvert-imap:loc>
         <imvert-imap:loc type="imgB">185</imvert-imap:loc>
      </imvert-imap:map>
      <imvert-imap:map>
         <imvert-imap:for-id>EAID_181D26B1_A672_43d1_9B14_A650A36D6A8C</imvert-imap:for-id>
         <imvert-imap:loc type="imgL">35</imvert-imap:loc>
         <imvert-imap:loc type="imgT">245</imvert-imap:loc>
         <imvert-imap:loc type="imgR">176</imvert-imap:loc>
         <imvert-imap:loc type="imgB">334</imvert-imap:loc>
      </imvert-imap:map>
      <imvert-imap:map>
         <imvert-imap:for-id>EAID_6B8260B7_AC82_4c86_98AA_B2C2A34D0377</imvert-imap:for-id>
         <imvert-imap:loc type="imgL">245</imvert-imap:loc>
         <imvert-imap:loc type="imgT">105</imvert-imap:loc>
         <imvert-imap:loc type="imgR">423</imvert-imap:loc>
         <imvert-imap:loc type="imgB">211</imvert-imap:loc>
      </imvert-imap:map>
      <imvert-imap:map>
         <imvert-imap:for-id>EAID_A0D36AD8_8F06_4bca_9732_AB6D71FA37E9</imvert-imap:for-id>
         <imvert-imap:loc type="imgL">510</imvert-imap:loc>
         <imvert-imap:loc type="imgT">222</imvert-imap:loc>
         <imvert-imap:loc type="imgR">650</imvert-imap:loc>
         <imvert-imap:loc type="imgB">324</imvert-imap:loc>
      </imvert-imap:map>
      <imvert-imap:map>
         <imvert-imap:for-id>EAID_A9F66AA2_E3BF_4725_8B4E_374112D36690</imvert-imap:for-id>
         <imvert-imap:loc type="imgL">35</imvert-imap:loc>
         <imvert-imap:loc type="imgT">506</imvert-imap:loc>
         <imvert-imap:loc type="imgR">176</imvert-imap:loc>
         <imvert-imap:loc type="imgB">573</imvert-imap:loc>
      </imvert-imap:map>
      <imvert-imap:map>
         <imvert-imap:for-id>EAID_BBE59C1B_50D3_438a_B661_6ABF359D48BE</imvert-imap:for-id>
      </imvert-imap:map>
   </imvert-imap:diagram>
</imvert-imap:diagrams>
